vote_id,chamber,congress,session,clerk_rollnumber,rollnumber,date,bill_number,n_compared,agreement
house_110_1st_15,house,110,1,15,14,2007-01-09,HR1,426,1.0
house_110_1st_18,house,110,1,18,17,2007-01-10,HR2,430,1.0
house_110_1st_20,house,110,1,20,19,2007-01-11,HR3,426,1.0
house_110_1st_23,house,110,1,23,22,2007-01-12,HR4,424,1.0
house_110_1st_32,house,110,1,32,31,2007-01-17,HR5,426,1.0
house_110_1st_28,house,110,1,28,27,2007-01-17,HR434,414,1.0
house_110_1st_40,house,110,1,40,39,2007-01-18,HR6,426,1.0
house_110_1st_42,house,110,1,42,41,2007-01-19,HR475,415,1.0
house_110_1st_45,house,110,1,45,44,2007-01-22,HR390,414,1.0
house_110_1st_47,house,110,1,47,46,2007-01-23,HR599,426,1.0
house_110_1st_59,house,110,1,59,58,2007-01-29,HR49,408,1.0
house_110_1st_58,house,110,1,58,57,2007-01-29,HR521,407,1.0
house_110_1st_72,house,110,1,72,71,2007-01-31,HJRES20,425,1.0
house_110_1st_77,house,110,1,77,76,2007-02-06,HR386,416,1.0
house_110_1st_76,house,110,1,76,75,2007-02-06,HR161,418,1.0
house_110_1st_78,house,110,1,78,77,2007-02-07,HR365,427,1.0
house_110_1st_80,house,110,1,80,79,2007-02-07,HR482,424,1.0
house_110_1st_92,house,110,1,92,91,2007-02-08,HR547,402,1.0
house_110_1st_98,house,110,1,98,97,2007-02-13,HR437,420,1.0
house_110_1st_105,house,110,1,105,104,2007-02-27,HR884,411,1.0
house_110_1st_104,house,110,1,104,103,2007-02-27,HR755,411,1.0
house_110_1st_110,house,110,1,110,109,2007-02-28,HR556,422,1.0
house_110_1st_118,house,110,1,118,117,2007-03-01,HR800,425,1.0
house_110_1st_119,house,110,1,119,118,2007-03-05,HR995,389,1.0
house_110_1st_120,house,110,1,120,119,2007-03-05,HR497,389,1.0
house_110_1st_125,house,110,1,125,124,2007-03-07,HR569,424,1.0
house_110_1st_130,house,110,1,130,129,2007-03-08,HR700,426,1.0
house_110_1st_135,house,110,1,135,134,2007-03-09,HR720,410,1.0
house_110_1st_142,house,110,1,142,141,2007-03-14,HR1254,423,1.0
house_110_1st_153,house,110,1,153,152,2007-03-14,HR985,424,1.0
house_110_1st_156,house,110,1,156,155,2007-03-15,HR1362,419,1.0
house_110_1st_159,house,110,1,159,158,2007-03-19,HR839,394,1.0
house_110_1st_158,house,110,1,158,157,2007-03-19,HR658,399,1.0
house_110_1st_162,house,110,1,162,161,2007-03-20,HR759,420,1.0
house_110_1st_177,house,110,1,177,176,2007-03-21,HR1130,414,1.0
house_110_1st_172,house,110,1,172,171,2007-03-21,HR1227,426,1.0
house_110_1st_176,house,110,1,176,175,2007-03-21,HR1284,417,1.0
house_110_1st_173,house,110,1,173,172,2007-03-21,HR835,423,1.0
house_110_1st_178,house,110,1,178,177,2007-03-21,HR740,413,1.0
house_110_1st_186,house,110,1,186,185,2007-03-23,HR1591,429,1.0
house_110_1st_201,house,110,1,201,200,2007-03-27,HR1401,422,1.0
house_110_1st_205,house,110,1,205,204,2007-03-28,HR835,421,1.0
house_110_1st_208,house,110,1,208,207,2007-03-28,HR1538,425,1.0
house_110_1st_225,house,110,1,225,224,2007-04-18,HR1361,424,1.0
house_110_1st_234,house,110,1,234,233,2007-04-19,HR1495,418,1.0
house_110_1st_231,house,110,1,231,230,2007-04-19,HR1905,417,1.0
house_110_1st_232,house,110,1,232,231,2007-04-19,HR1906,418,1.0
house_110_1st_244,house,110,1,244,243,2007-04-20,HR1257,402,1.0
house_110_1st_246,house,110,1,246,245,2007-04-23,HR1434,386,1.0
house_110_1st_247,house,110,1,247,246,2007-04-23,HR1402,385,1.0
house_110_1st_257,house,110,1,257,256,2007-04-24,HR363,416,1.0
house_110_1st_254,house,110,1,254,253,2007-04-24,HR362,410,1.0
house_110_1st_260,house,110,1,260,259,2007-04-25,HR1678,424,1.0
house_110_1st_265,house,110,1,265,264,2007-04-25,HR1591,425,1.0
house_110_1st_263,house,110,1,263,262,2007-04-25,HR1332,424,1.0
house_110_1st_269,house,110,1,269,268,2007-04-26,HR249,413,1.0
house_110_1st_285,house,110,1,285,284,2007-05-02,HR1429,412,1.0
house_110_1st_295,house,110,1,295,294,2007-05-02,HR1867,415,1.0
house_110_1st_299,house,110,1,299,298,2007-05-03,HR1592,416,1.0
house_110_1st_301,house,110,1,301,300,2007-05-03,HR1868,407,1.0
house_110_1st_303,house,110,1,303,302,2007-05-07,HR1025,370,1.0
house_110_1st_318,house,110,1,318,317,2007-05-09,HR1684,421,1.0
house_110_1st_330,house,110,1,330,329,2007-05-10,HR2237,425,1.0
house_110_1st_323,house,110,1,323,322,2007-05-10,HR1873,421,1.0
house_110_1st_333,house,110,1,333,332,2007-05-10,HR2206,425,1.0
house_110_1st_336,house,110,1,336,335,2007-05-10,HR2207,421,1.0
house_110_1st_341,house,110,1,341,340,2007-05-11,HR2082,421,1.0
house_110_1st_342,house,110,1,342,341,2007-05-14,HR1124,367,1.0
house_110_1st_377,house,110,1,377,371,2007-05-17,SCONRES21,422,1.0
house_110_1st_373,house,110,1,373,367,2007-05-17,HR1585,423,1.0
house_110_1st_385,house,110,1,385,379,2007-05-21,HR1425,384,1.0
house_110_1st_396,house,110,1,396,390,2007-05-22,HR1427,416,1.0
house_110_1st_397,house,110,1,397,391,2007-05-22,S214,419,1.0
house_110_1st_401,house,110,1,401,395,2007-05-22,HR1722,416,1.0
house_110_1st_405,house,110,1,405,399,2007-05-23,HR2429,421,1.0
house_110_1st_409,house,110,1,409,403,2007-05-23,HR1100,417,1.0
house_110_1st_412,house,110,1,412,406,2007-05-23,HR1470,421,1.0
house_110_1st_423,house,110,1,423,417,2007-05-24,HR2316,417,1.0
house_110_1st_420,house,110,1,420,414,2007-05-24,HR2317,418,1.0
house_110_1st_439,house,110,1,439,433,2007-06-06,HR2560,416,1.0
house_110_1st_438,house,110,1,438,432,2007-06-06,HR2446,415,1.0
house_110_1st_443,house,110,1,443,437,2007-06-07,S5,422,1.0
house_110_1st_447,house,110,1,447,441,2007-06-07,HR65,383,1.0
house_110_1st_449,house,110,1,449,443,2007-06-11,S676,386,1.0
house_110_1st_448,house,110,1,448,442,2007-06-11,HR2356,385,1.0
house_110_1st_491,house,110,1,491,485,2007-06-15,HR2638,417,1.0
house_110_1st_498,house,110,1,498,492,2007-06-15,HR2642,410,1.0
house_110_1st_499,house,110,1,499,493,2007-06-18,HR2563,385,1.0
house_110_1st_515,house,110,1,515,509,2007-06-20,HR2284,423,1.0
house_110_1st_514,house,110,1,514,508,2007-06-20,HR2359,422,1.0
house_110_1st_548,house,110,1,548,542,2007-06-22,HR2771,391,1.0
house_110_1st_542,house,110,1,542,536,2007-06-22,HR2764,418,1.0
house_110_1st_550,house,110,1,550,544,2007-06-25,HR2546,380,1.0
house_110_1st_579,house,110,1,579,573,2007-06-27,HR2643,426,1.0
house_110_1st_606,house,110,1,606,600,2007-06-28,HR2829,418,1.0
house_110_1st_613,house,110,1,613,607,2007-07-11,HR2669,421,1.0
house_110_1st_610,house,110,1,610,604,2007-07-11,S1701,416,1.0
house_110_1st_629,house,110,1,629,623,2007-07-12,HR1851,415,1.0
house_110_1st_624,house,110,1,624,618,2007-07-12,HR2956,423,1.0
house_110_1st_630,house,110,1,630,624,2007-07-16,HR1980,398,1.0
house_110_1st_641,house,110,1,641,635,2007-07-17,HR2641,423,1.0
house_110_1st_686,house,110,1,686,680,2007-07-19,HR3043,415,1.0
house_110_1st_715,house,110,1,715,709,2007-07-24,HR3074,420,1.0
house_110_1st_717,house,110,1,717,711,2007-07-25,HR2929,422,1.0
house_110_1st_744,house,110,1,744,738,2007-07-26,HR3093,422,1.0
house_110_1st_756,house,110,1,756,750,2007-07-27,HR2419,421,1.0
house_110_1st_757,house,110,1,757,751,2007-07-27,HR1,410,1.0
house_110_1st_767,house,110,1,767,761,2007-07-31,HR986,424,1.0
house_110_1st_768,house,110,1,768,762,2007-07-31,HR2831,423,1.0
house_110_1st_787,house,110,1,787,780,2007-08-01,HR3162,428,1.0
house_110_1st_789,house,110,1,789,782,2007-08-01,HR3248,422,1.0
house_110_1st_790,house,110,1,790,783,2007-08-01,HR1495,420,1.0
house_110_1st_802,house,110,1,802,795,2007-08-02,HR2272,423,1.0
house_110_1st_796,house,110,1,796,789,2007-08-02,HR3159,422,1.0
house_110_1st_816,house,110,1,816,809,2007-08-02,HR3161,255,1.0
house_110_1st_821,house,110,1,821,814,2007-08-03,HR3356,424,1.0
house_110_1st_835,house,110,1,835,828,2007-08-04,HR2776,409,1.0
house_110_1st_832,house,110,1,832,825,2007-08-04,HR3221,412,1.0
house_110_1st_836,house,110,1,836,829,2007-08-04,S1927,409,1.0
house_110_1st_846,house,110,1,846,839,2007-08-05,HR3222,407,1.0
house_110_1st_859,house,110,1,859,852,2007-09-06,HR2786,407,1.0
house_110_1st_863,house,110,1,863,856,2007-09-07,HR1908,394,1.0
house_110_1st_864,house,110,1,864,857,2007-09-07,HR2669,388,1.0
house_110_1st_869,house,110,1,869,862,2007-09-17,HR3527,376,1.0
house_110_1st_868,house,110,1,868,861,2007-09-17,HR1657,375,1.0
house_110_1st_876,house,110,1,876,869,2007-09-18,HR1852,419,1.0
house_110_1st_885,house,110,1,885,878,2007-09-19,HR3580,411,1.0
house_110_1st_884,house,110,1,884,877,2007-09-19,HR2761,421,1.0
house_110_1st_890,house,110,1,890,883,2007-09-20,HR2881,417,1.0
house_110_1st_893,house,110,1,893,886,2007-09-24,HR1199,392,1.0
house_110_1st_911,house,110,1,911,904,2007-09-26,HJRES52,417,1.0
house_110_1st_913,house,110,1,913,906,2007-09-26,HR2693,413,1.0
house_110_1st_923,house,110,1,923,916,2007-09-27,HR3567,396,1.0
house_110_1st_921,house,110,1,921,914,2007-09-27,HR3121,408,1.0
house_110_1st_925,house,110,1,925,918,2007-10-01,HR2276,378,1.0
house_110_1st_926,house,110,1,926,919,2007-10-01,HR3325,378,1.0
house_110_1st_937,house,110,1,937,930,2007-10-03,HR928,414,1.0
house_110_1st_940,house,110,1,940,933,2007-10-04,HR2740,418,1.0
house_110_1st_948,house,110,1,948,941,2007-10-04,HR3648,412,1.0
house_110_1st_946,house,110,1,946,939,2007-10-04,HR3246,417,1.0
house_110_1st_960,house,110,1,960,953,2007-10-10,HR3056,404,1.0
house_110_1st_958,house,110,1,958,951,2007-10-10,HR2895,411,1.0
house_110_1st_962,house,110,1,962,955,2007-10-15,HR2089,382,1.0
house_110_1st_973,house,110,1,973,966,2007-10-16,HR2102,418,1.0
house_110_1st_980,house,110,1,980,973,2007-10-17,HR2095,414,1.0
house_110_1st_988,house,110,1,988,981,2007-10-23,HR1808,416,1.0
house_110_1st_996,house,110,1,996,989,2007-10-24,HR1483,412,1.0
house_110_1st_1000,house,110,1,1000,993,2007-10-24,HR505,413,1.0
house_110_1st_1009,house,110,1,1009,1002,2007-10-25,HR3963,406,1.0
house_110_1st_1019,house,110,1,1019,1012,2007-10-30,HR3446,414,1.0
house_110_1st_1018,house,110,1,1018,1011,2007-10-30,HR3307,413,1.0
house_110_1st_1017,house,110,1,1017,1010,2007-10-30,HR3867,413,1.0
house_110_1st_1015,house,110,1,1015,1008,2007-10-30,HJRES58,397,1.0
house_110_1st_1025,house,110,1,1025,1018,2007-10-31,HR3920,420,1.0
house_110_1st_1033,house,110,1,1033,1026,2007-11-01,HR2262,409,1.0
house_110_1st_1050,house,110,1,1050,1043,2007-11-06,HR3043,410,1.0
house_110_1st_1057,house,110,1,1057,1050,2007-11-07,HR3685,418,1.0
house_110_1st_1064,house,110,1,1064,1057,2007-11-08,HR3222,414,1.0
house_110_1st_1060,house,110,1,1060,1053,2007-11-08,HR3688,416,1.0
house_110_1st_1074,house,110,1,1074,1067,2007-11-08,HR3355,412,1.0
house_110_1st_1081,house,110,1,1081,1074,2007-11-09,HR3996,408,1.0
house_110_1st_1082,house,110,1,1082,1075,2007-11-13,HR3315,403,1.0
house_110_1st_1105,house,110,1,1105,1098,2007-11-14,HR4120,408,1.0
house_110_1st_1102,house,110,1,1102,1095,2007-11-14,HR3074,416,1.0
house_110_1st_1090,house,110,1,1090,1083,2007-11-14,HR1429,416,1.0
house_110_1st_1088,house,110,1,1088,1081,2007-11-14,HR3320,419,1.0
house_110_1st_1108,house,110,1,1108,1100,2007-11-14,HR4156,420,1.0
house_110_1st_1118,house,110,1,1118,1110,2007-11-15,HR3915,417,1.0
house_110_1st_1120,house,110,1,1120,1112,2007-11-15,HR3773,415,1.0
house_110_1st_1138,house,110,1,1138,1130,2007-12-06,HR4253,408,1.0
house_110_1st_1141,house,110,1,1141,1132,2007-12-06,HR2085,372,1.0
house_110_1st_1144,house,110,1,1144,1135,2007-12-11,HR4343,389,1.0
house_110_1st_1153,house,110,1,1153,1144,2007-12-12,HR4351,418,1.0
house_110_1st_1151,house,110,1,1151,1142,2007-12-12,HR1585,418,1.0
house_110_1st_1155,house,110,1,1155,1146,2007-12-12,HR3985,373,1.0
house_110_1st_1150,house,110,1,1150,1141,2007-12-12,HR4299,418,1.0
house_110_1st_1160,house,110,1,1160,1151,2007-12-13,HR2082,420,1.0
house_110_1st_1162,house,110,1,1162,1153,2007-12-13,HJRES69,411,1.0
house_110_1st_1170,house,110,1,1170,1161,2007-12-17,HR4286,400,1.0
house_110_1st_1179,house,110,1,1179,1170,2007-12-18,S2271,410,1.0
house_110_1st_1184,house,110,1,1184,1175,2007-12-19,S2499,413,1.0
house_110_2nd_11,house,110,2,11,1187,2008-01-16,HR4986,414,1.0
house_110_2nd_10,house,110,2,10,1186,2008-01-16,HR2768,412,1.0
house_110_2nd_18,house,110,2,18,1194,2008-01-17,HR3524,400,1.0
house_110_2nd_19,house,110,2,19,1195,2008-01-22,HR4211,390,1.0
house_110_2nd_23,house,110,2,23,1199,2008-01-28,S2110,387,1.0
house_110_2nd_24,house,110,2,24,1200,2008-01-28,HR4140,387,1.0
house_110_2nd_28,house,110,2,28,1204,2008-01-29,HR1528,382,1.0
house_110_2nd_25,house,110,2,25,1201,2008-01-29,HR5140,419,1.0
house_110_2nd_40,house,110,2,40,1216,2008-02-07,HR4137,411,1.0
house_110_2nd_54,house,110,2,54,1230,2008-02-13,HR5349,419,1.0
house_110_2nd_65,house,110,2,65,1241,2008-02-14,HR4169,395,1.0
house_110_2nd_63,house,110,2,63,1239,2008-02-14,S2571,399,1.0
house_110_2nd_84,house,110,2,84,1260,2008-02-27,HR5351,417,1.0
house_110_2nd_85,house,110,2,85,1261,2008-02-28,S2272,399,1.0
house_110_2nd_87,house,110,2,87,1263,2008-02-28,HR4454,403,1.0
house_110_2nd_86,house,110,2,86,1262,2008-02-28,HR3936,399,1.0
house_110_2nd_101,house,110,2,101,1277,2008-03-05,HR1424,415,1.0
house_110_2nd_91,house,110,2,91,1267,2008-03-05,HR4191,410,1.0
house_110_2nd_102,house,110,2,102,1278,2008-03-05,HR5400,401,1.0
house_110_2nd_109,house,110,2,109,1285,2008-03-10,HR3196,381,1.0
house_110_2nd_110,house,110,2,110,1286,2008-03-10,HR4166,381,1.0
house_110_2nd_131,house,110,2,131,1307,2008-03-12,HR5563,416,1.0
house_110_2nd_134,house,110,2,134,1310,2008-03-12,S2733,414,1.0
house_110_2nd_158,house,110,2,158,1333,2008-04-02,HR5501,423,1.0
house_110_2nd_160,house,110,2,160,1335,2008-04-03,HR4847,411,1.0
house_110_2nd_174,house,110,2,174,1349,2008-04-09,HR2016,417,1.0
house_110_2nd_176,house,110,2,176,1351,2008-04-09,HR5489,396,1.0
house_110_2nd_177,house,110,2,177,1352,2008-04-09,HR5472,400,1.0
house_110_2nd_190,house,110,2,190,1365,2008-04-15,HR5719,416,1.0
house_110_2nd_191,house,110,2,191,1366,2008-04-15,HR5517,412,1.0
house_110_2nd_199,house,110,2,199,1374,2008-04-16,HR2634,416,1.0
house_110_2nd_204,house,110,2,204,1379,2008-04-17,HR5715,409,1.0
house_110_2nd_217,house,110,2,217,1392,2008-04-23,HR5819,410,1.0
house_110_2nd_223,house,110,2,223,1398,2008-04-24,HR2830,401,1.0
house_110_2nd_226,house,110,2,226,1401,2008-04-29,S2739,407,1.0
house_110_2nd_225,house,110,2,225,1400,2008-04-29,HR4332,408,1.0
house_110_2nd_233,house,110,2,233,1408,2008-04-30,HR5522,411,1.0
house_110_2nd_249,house,110,2,249,1424,2008-05-06,HR3658,415,1.0
house_110_2nd_277,house,110,2,277,1452,2008-05-07,HR5937,417,1.0
house_110_2nd_299,house,110,2,299,1474,2008-05-08,HR5818,426,1.0
house_110_2nd_308,house,110,2,308,1483,2008-05-13,HR4008,406,1.0
house_110_2nd_307,house,110,2,307,1482,2008-05-13,HR6022,409,1.0
house_110_2nd_315,house,110,2,315,1490,2008-05-14,HR2419,423,1.0
house_110_2nd_332,house,110,2,332,1507,2008-05-20,HR6074,407,1.0
house_110_2nd_348,house,110,2,348,1523,2008-05-21,HR5826,416,1.0
house_110_2nd_344,house,110,2,344,1519,2008-05-21,HR6049,422,1.0
house_110_2nd_349,house,110,2,349,1524,2008-05-21,HR5856,415,1.0
house_110_2nd_365,house,110,2,365,1540,2008-05-22,HR5658,406,1.0
house_110_2nd_353,house,110,2,353,1528,2008-05-22,HR6124,415,1.0
house_110_2nd_379,house,110,2,379,1554,2008-06-04,HR3021,413,1.0
house_110_2nd_373,house,110,2,373,1548,2008-06-04,HR5669,414,1.0
house_110_2nd_382,house,110,2,382,1557,2008-06-05,SCONRES70,423,1.0
house_110_2nd_386,house,110,2,386,1561,2008-06-05,HR5540,406,1.0
house_110_2nd_400,house,110,2,400,1575,2008-06-11,HR6003,414,1.0
house_110_2nd_412,house,110,2,412,1587,2008-06-12,HR5749,410,1.0
house_110_2nd_421,house,110,2,421,1596,2008-06-18,HR6063,423,1.0
house_110_2nd_425,house,110,2,425,1600,2008-06-19,HR5710,424,1.0
house_110_2nd_428,house,110,2,428,1603,2008-06-19,HR5781,423,1.0
house_110_2nd_437,house,110,2,437,1612,2008-06-20,HR6304,421,1.0
house_110_2nd_455,house,110,2,455,1630,2008-06-25,HR6275,421,1.0
house_110_2nd_458,house,110,2,458,1633,2008-06-25,HR2176,418,1.0
house_110_2nd_460,house,110,2,460,1635,2008-06-25,HR3195,418,1.0
house_110_2nd_459,house,110,2,459,1634,2008-06-25,HR6358,420,1.0
house_110_2nd_467,house,110,2,467,1642,2008-06-26,HR6052,419,1.0
house_110_2nd_468,house,110,2,468,1643,2008-06-26,HR6377,420,1.0
house_110_2nd_479,house,110,2,479,1654,2008-07-09,HR6184,418,1.0
house_110_2nd_477,house,110,2,477,1652,2008-07-09,HR5811,422,1.0
house_110_2nd_484,house,110,2,484,1659,2008-07-10,HR1286,413,1.0
house_110_2nd_493,house,110,2,493,1668,2008-07-15,HR5803,417,1.0
house_110_2nd_507,house,110,2,507,1682,2008-07-16,HR415,416,1.0
house_110_2nd_511,house,110,2,511,1686,2008-07-17,HR6515,416,1.0
house_110_2nd_520,house,110,2,520,1695,2008-07-23,HR6545,413,1.0
house_110_2nd_518,house,110,2,518,1693,2008-07-23,HR6532,423,1.0
house_110_2nd_530,house,110,2,530,1705,2008-07-24,HR3999,421,1.0
house_110_2nd_556,house,110,2,556,1731,2008-07-31,HR1338,424,1.0
house_110_2nd_544,house,110,2,544,1719,2008-07-31,HR4137,428,1.0
house_110_2nd_557,house,110,2,557,1732,2008-07-31,HR6633,408,1.0
house_110_2nd_563,house,110,2,563,1738,2008-08-01,HR6599,412,1.0
house_110_2nd_568,house,110,2,568,1743,2008-09-08,S2837,375,1.0
house_110_2nd_574,house,110,2,574,1749,2008-09-09,HR6168,402,1.0
house_110_2nd_583,house,110,2,583,1758,2008-09-10,HR3667,416,1.0
house_110_2nd_579,house,110,2,579,1754,2008-09-10,S2617,417,1.0
house_110_2nd_591,house,110,2,591,1766,2008-09-15,HR6889,371,1.0
house_110_2nd_599,house,110,2,599,1774,2008-09-16,HR6899,424,1.0
house_110_2nd_601,house,110,2,601,1776,2008-09-17,HR6842,417,1.0
house_110_2nd_604,house,110,2,604,1779,2008-09-17,HR1594,409,1.0
house_110_2nd_608,house,110,2,608,1783,2008-09-18,HR6604,415,1.0
house_110_2nd_614,house,110,2,614,1789,2008-09-18,HR3036,401,1.0
house_110_2nd_616,house,110,2,616,1791,2008-09-22,HR6685,373,1.0
house_110_2nd_623,house,110,2,623,1798,2008-09-23,HR5244,423,1.0
house_110_2nd_621,house,110,2,621,1796,2008-09-23,SJRES45,414,1.0
house_110_2nd_636,house,110,2,636,1811,2008-09-24,S2606,419,1.0
house_110_2nd_635,house,110,2,635,1810,2008-09-24,HR7006,422,1.0
house_110_2nd_634,house,110,2,634,1809,2008-09-24,HR7005,422,1.0
house_110_2nd_643,house,110,2,643,1818,2008-09-25,HR6950,420,1.0
house_110_2nd_649,house,110,2,649,1824,2008-09-26,HR7060,422,1.0
house_110_2nd_660,house,110,2,660,1835,2008-09-26,HR7110,421,1.0
house_110_2nd_647,house,110,2,647,1822,2008-09-26,HR6045,405,1.0
house_110_2nd_650,house,110,2,650,1825,2008-09-26,S1382,416,1.0
house_110_2nd_659,house,110,2,659,1834,2008-09-26,S1046,418,1.0
house_110_2nd_653,house,110,2,653,1828,2008-09-26,S2932,408,1.0
house_110_2nd_662,house,110,2,662,1837,2008-09-27,HR7081,414,1.0
house_110_2nd_668,house,110,2,668,1843,2008-09-28,S2840,415,1.0
house_110_2nd_664,house,110,2,664,1839,2008-09-28,S3325,421,1.0
house_110_2nd_669,house,110,2,669,1844,2008-09-29,S906,397,1.0
house_110_2nd_675,house,110,2,675,1850,2008-09-29,HR7175,379,1.0
house_110_2nd_676,house,110,2,676,1851,2008-10-02,S3641,411,1.0
house_110_2nd_682,house,110,2,682,1857,2008-10-03,S3197,410,1.0
house_110_2nd_690,house,110,2,690,1865,2008-12-10,HR7321,406,1.0
house_111_1st_6,house,111,1,6,5,2009-01-07,HR36,417,1.0
house_111_1st_5,house,111,1,5,4,2009-01-07,HR35,415,1.0
house_111_1st_9,house,111,1,9,8,2009-01-09,HR11,416,1.0
house_111_1st_8,house,111,1,8,7,2009-01-09,HR12,417,1.0
house_111_1st_16,house,111,1,16,15,2009-01-14,HR2,426,1.0
house_111_1st_26,house,111,1,26,25,2009-01-21,HR384,424,1.0
house_111_1st_27,house,111,1,27,26,2009-01-22,HJRES3,423,1.0
house_111_1st_37,house,111,1,37,36,2009-01-27,S181,425,1.0
house_111_1st_46,house,111,1,46,45,2009-01-28,HR1,430,1.0
house_111_1st_49,house,111,1,49,48,2009-02-03,HR559,414,1.0
house_111_1st_52,house,111,1,52,51,2009-02-04,S352,420,1.0
house_111_1st_53,house,111,1,53,52,2009-02-04,HR738,406,1.0
house_111_1st_70,house,111,1,70,69,2009-02-13,HR1,427,1.0
house_111_1st_72,house,111,1,72,71,2009-02-23,HR911,395,1.0
house_111_1st_74,house,111,1,74,73,2009-02-23,HR601,395,1.0
house_111_1st_73,house,111,1,73,72,2009-02-23,HR44,396,1.0
house_111_1st_79,house,111,1,79,78,2009-02-24,S234,415,1.0
house_111_1st_76,house,111,1,76,75,2009-02-24,HR80,416,1.0
house_111_1st_77,house,111,1,77,76,2009-02-24,HR637,416,1.0
house_111_1st_86,house,111,1,86,85,2009-02-25,HR1105,421,1.0
house_111_1st_104,house,111,1,104,103,2009-03-05,HR1106,423,1.0
house_111_1st_109,house,111,1,109,108,2009-03-06,HJRES38,376,1.0
house_111_1st_115,house,111,1,115,114,2009-03-10,HR842,422,1.0
house_111_1st_114,house,111,1,114,113,2009-03-10,HR813,425,1.0
house_111_1st_123,house,111,1,123,122,2009-03-12,HR1262,416,1.0
house_111_1st_126,house,111,1,126,125,2009-03-16,HR1217,382,1.0
house_111_1st_125,house,111,1,125,124,2009-03-16,HR987,382,1.0
house_111_1st_127,house,111,1,127,126,2009-03-16,HR1284,382,1.0
house_111_1st_130,house,111,1,130,129,2009-03-17,HR628,414,1.0
house_111_1st_140,house,111,1,140,139,2009-03-18,HR1388,424,1.0
house_111_1st_143,house,111,1,143,142,2009-03-19,HR1586,419,1.0
house_111_1st_145,house,111,1,145,144,2009-03-23,HR918,394,1.0
house_111_1st_146,house,111,1,146,145,2009-03-23,HR1218,397,1.0
house_111_1st_148,house,111,1,148,147,2009-03-24,HR730,416,1.0
house_111_1st_147,house,111,1,147,146,2009-03-24,HR1617,413,1.0
house_111_1st_152,house,111,1,152,151,2009-03-25,S383,421,1.0
house_111_1st_162,house,111,1,162,161,2009-03-26,HR1404,414,1.0
house_111_1st_174,house,111,1,174,173,2009-03-31,HR1299,415,1.0
house_111_1st_173,house,111,1,173,172,2009-03-31,HR151,421,1.0
house_111_1st_171,house,111,1,171,170,2009-03-31,HR1253,423,1.0
house_111_1st_167,house,111,1,167,166,2009-03-31,HR1259,413,1.0
house_111_1st_182,house,111,1,182,181,2009-04-01,HR1664,416,1.0
house_111_1st_187,house,111,1,187,186,2009-04-02,HR1256,408,1.0
house_111_1st_195,house,111,1,195,194,2009-04-21,HR1219,403,1.0
house_111_1st_193,house,111,1,193,192,2009-04-21,HR388,402,1.0
house_111_1st_196,house,111,1,196,195,2009-04-22,HR1679,421,1.0
house_111_1st_199,house,111,1,199,198,2009-04-22,HR957,415,1.0
house_111_1st_197,house,111,1,197,196,2009-04-22,HR586,420,1.0
house_111_1st_205,house,111,1,205,204,2009-04-23,HR1145,421,1.0
house_111_1st_208,house,111,1,208,207,2009-04-27,HR1746,393,1.0
house_111_1st_210,house,111,1,210,209,2009-04-28,HR1243,421,1.0
house_111_1st_215,house,111,1,215,214,2009-04-28,HR1595,418,1.0
house_111_1st_223,house,111,1,223,222,2009-04-29,HR1913,422,1.0
house_111_1st_221,house,111,1,221,220,2009-04-29,HR46,414,1.0
house_111_1st_216,house,111,1,216,215,2009-04-29,SCONRES13,424,1.0
house_111_1st_228,house,111,1,228,227,2009-04-30,HR627,425,1.0
house_111_1st_242,house,111,1,242,241,2009-05-07,HR1728,412,1.0
house_111_1st_248,house,111,1,248,247,2009-05-13,HR2162,418,1.0
house_111_1st_259,house,111,1,259,258,2009-05-14,HR2187,428,1.0
house_111_1st_265,house,111,1,265,264,2009-05-14,HR2346,426,1.0
house_111_1st_266,house,111,1,266,265,2009-05-14,HR347,409,1.0
house_111_1st_281,house,111,1,281,280,2009-05-20,HR2352,419,1.0
house_111_1st_286,house,111,1,286,285,2009-05-21,S454,409,1.0
house_111_1st_291,house,111,1,291,290,2009-05-21,HR915,411,1.0
house_111_1st_297,house,111,1,297,296,2009-06-03,HR31,417,1.0
house_111_1st_310,house,111,1,310,309,2009-06-04,HR626,410,1.0
house_111_1st_307,house,111,1,307,306,2009-06-04,HR2200,420,1.0
house_111_1st_302,house,111,1,302,301,2009-06-04,HR1817,418,1.0
house_111_1st_314,house,111,1,314,313,2009-06-09,HR2751,415,1.0
house_111_1st_328,house,111,1,328,327,2009-06-10,HR2410,420,1.0
house_111_1st_333,house,111,1,333,332,2009-06-11,HR1886,417,1.0
house_111_1st_337,house,111,1,337,336,2009-06-15,HR2325,372,1.0
house_111_1st_344,house,111,1,344,343,2009-06-16,HR403,417,1.0
house_111_1st_340,house,111,1,340,339,2009-06-16,HR2470,415,1.0
house_111_1st_348,house,111,1,348,347,2009-06-16,HR2346,426,1.0
house_111_1st_408,house,111,1,408,407,2009-06-18,HR2847,414,1.0
house_111_1st_413,house,111,1,413,412,2009-06-19,HR2918,408,1.0
house_111_1st_419,house,111,1,419,417,2009-06-23,S407,401,1.0
house_111_1st_433,house,111,1,433,431,2009-06-24,HR2990,402,1.0
house_111_1st_450,house,111,1,450,448,2009-06-24,HR2892,424,1.0
house_111_1st_460,house,111,1,460,458,2009-06-25,HR2647,409,1.0
house_111_1st_475,house,111,1,475,473,2009-06-26,HR2996,425,1.0
house_111_1st_477,house,111,1,477,475,2009-06-26,HR2454,429,1.0
house_111_1st_479,house,111,1,479,477,2009-07-07,HR1129,402,1.0
house_111_1st_486,house,111,1,486,484,2009-07-08,HR2965,425,1.0
house_111_1st_482,house,111,1,482,480,2009-07-08,HR1945,418,1.0
house_111_1st_525,house,111,1,525,523,2009-07-09,HR3081,422,1.0
house_111_1st_510,house,111,1,510,508,2009-07-09,HR2997,424,1.0
house_111_1st_529,house,111,1,529,527,2009-07-10,HR3082,416,1.0
house_111_1st_536,house,111,1,536,534,2009-07-14,HR402,417,1.0
house_111_1st_542,house,111,1,542,540,2009-07-15,HR762,411,1.0
house_111_1st_571,house,111,1,571,569,2009-07-16,HR3170,425,1.0
house_111_1st_592,house,111,1,592,590,2009-07-17,HR3183,415,1.0
house_111_1st_577,house,111,1,577,575,2009-07-17,HR1018,422,1.0
house_111_1st_595,house,111,1,595,593,2009-07-20,HR2245,388,1.0
house_111_1st_603,house,111,1,603,601,2009-07-21,HR1933,420,1.0
house_111_1st_604,house,111,1,604,602,2009-07-21,HR2632,419,1.0
house_111_1st_613,house,111,1,613,611,2009-07-22,HR3119,424,1.0
house_111_1st_612,house,111,1,612,610,2009-07-22,HR2920,429,1.0
house_111_1st_607,house,111,1,607,605,2009-07-22,HR1675,425,1.0
house_111_1st_608,house,111,1,608,606,2009-07-22,HR2938,416,1.0
house_111_1st_615,house,111,1,615,613,2009-07-22,HR2972,422,1.0
house_111_1st_637,house,111,1,637,635,2009-07-23,HR3288,422,1.0
house_111_1st_646,house,111,1,646,644,2009-07-24,HR3293,415,1.0
house_111_1st_650,house,111,1,650,648,2009-07-28,HR1293,424,1.0
house_111_1st_680,house,111,1,680,678,2009-07-30,HR2749,423,1.0
house_111_1st_675,house,111,1,675,673,2009-07-30,HR3326,428,1.0
house_111_1st_682,house,111,1,682,680,2009-07-31,HR3435,423,1.0
house_111_1st_686,house,111,1,686,684,2009-07-31,HR3269,420,1.0
house_111_1st_688,house,111,1,688,686,2009-09-08,HR310,386,1.0
house_111_1st_687,house,111,1,687,685,2009-09-08,HR324,392,1.0
house_111_1st_692,house,111,1,692,690,2009-09-09,HR2498,417,1.0
house_111_1st_691,house,111,1,691,689,2009-09-09,HR2097,418,1.0
house_111_1st_695,house,111,1,695,693,2009-09-10,HR965,416,1.0
house_111_1st_702,house,111,1,702,700,2009-09-15,HR3137,412,1.0
house_111_1st_709,house,111,1,709,707,2009-09-16,HR3246,424,1.0
house_111_1st_719,house,111,1,719,717,2009-09-17,HR3221,422,1.0
house_111_1st_721,house,111,1,721,719,2009-09-22,HR2971,409,1.0
house_111_1st_726,house,111,1,726,724,2009-09-23,HR3614,417,1.0
house_111_1st_728,house,111,1,728,726,2009-09-23,HR324,421,1.0
house_111_1st_725,house,111,1,725,723,2009-09-23,HR2215,421,1.0
house_111_1st_731,house,111,1,731,729,2009-09-23,HR3617,418,1.0
house_111_1st_737,house,111,1,737,735,2009-09-24,HR3631,422,1.0
house_111_1st_739,house,111,1,739,737,2009-09-25,HR2918,405,1.0
house_111_1st_752,house,111,1,752,750,2009-10-01,HR3183,420,1.0
house_111_1st_761,house,111,1,761,759,2009-10-07,HR2997,423,1.0
house_111_1st_768,house,111,1,768,766,2009-10-08,HR3590,414,1.0
house_111_1st_767,house,111,1,767,765,2009-10-08,HJRES26,420,1.0
house_111_1st_770,house,111,1,770,768,2009-10-08,HR2647,425,1.0
house_111_1st_773,house,111,1,773,771,2009-10-13,HR3476,384,1.0
house_111_1st_772,house,111,1,772,770,2009-10-13,HR3689,389,1.0
house_111_1st_784,house,111,1,784,782,2009-10-15,HR2892,420,1.0
house_111_1st_789,house,111,1,789,787,2009-10-15,HR2442,413,1.0
house_111_1st_790,house,111,1,790,788,2009-10-20,HR3763,398,1.0
house_111_1st_791,house,111,1,791,789,2009-10-20,HR3319,399,1.0
house_111_1st_793,house,111,1,793,791,2009-10-21,S1793,415,1.0
house_111_1st_807,house,111,1,807,805,2009-10-22,HR3585,414,1.0
house_111_1st_813,house,111,1,813,811,2009-10-23,HR3619,394,1.0
house_111_1st_819,house,111,1,819,817,2009-10-28,S1694,419,1.0
house_111_1st_830,house,111,1,830,828,2009-10-29,HR3854,419,1.0
house_111_1st_826,house,111,1,826,824,2009-10-29,HR2996,423,1.0
house_111_1st_834,house,111,1,834,832,2009-11-02,S509,350,1.0
house_111_1st_839,house,111,1,839,837,2009-11-03,HR3157,396,1.0
house_111_1st_851,house,111,1,851,849,2009-11-04,HR3639,421,1.0
house_111_1st_867,house,111,1,867,865,2009-11-06,HR3788,414,1.0
house_111_1st_868,house,111,1,868,866,2009-11-06,S1211,406,1.0
house_111_1st_875,house,111,1,875,873,2009-11-06,HR2868,421,1.0
house_111_1st_887,house,111,1,887,885,2009-11-07,HR3962,433,1.0
house_111_1st_889,house,111,1,889,887,2009-11-16,S1314,371,1.0
house_111_1st_890,house,111,1,890,888,2009-11-16,HR3539,365,1.0
house_111_1st_891,house,111,1,891,889,2009-11-16,HR3767,366,1.0
house_111_1st_901,house,111,1,901,899,2009-11-18,HR3791,424,1.0
house_111_1st_905,house,111,1,905,903,2009-11-19,HR2781,423,1.0
house_111_1st_909,house,111,1,909,907,2009-11-19,HR3961,424,1.0
house_111_1st_904,house,111,1,904,902,2009-11-19,S1599,423,1.0
house_111_1st_913,house,111,1,913,911,2009-12-01,HR3667,385,1.0
house_111_1st_918,house,111,1,918,916,2009-12-02,HR3634,413,1.0
house_111_1st_929,house,111,1,929,927,2009-12-03,HR4154,423,1.0
house_111_1st_943,house,111,1,943,941,2009-12-09,HR4213,420,1.0
house_111_1st_941,house,111,1,941,939,2009-12-09,HR3951,416,1.0
house_111_1st_949,house,111,1,949,947,2009-12-10,HR3288,421,1.0
house_111_1st_950,house,111,1,950,948,2009-12-10,HR4017,417,1.0
house_111_1st_968,house,111,1,968,966,2009-12-11,HR4173,423,1.0
house_111_1st_973,house,111,1,973,971,2009-12-15,HR3978,412,1.0
house_111_1st_977,house,111,1,977,975,2009-12-15,S1472,417,1.0
house_111_1st_988,house,111,1,988,985,2009-12-16,HR4314,430,1.0
house_111_2nd_5,house,111,2,5,991,2010-01-13,HR3892,356,1.0
house_111_2nd_14,house,111,2,14,1000,2010-01-21,HR1065,407,1.0
house_111_2nd_12,house,111,2,12,998,2010-01-21,HR3254,410,1.0
house_111_2nd_13,house,111,2,13,999,2010-01-21,HR3342,400,1.0
house_111_2nd_22,house,111,2,22,1008,2010-01-27,HR4474,414,1.0
house_111_2nd_24,house,111,2,24,1010,2010-01-27,HR4508,412,1.0
house_111_2nd_23,house,111,2,23,1009,2010-01-27,HR3726,413,1.0
house_111_2nd_26,house,111,2,26,1012,2010-02-02,HR4495,388,1.0
house_111_2nd_43,house,111,2,43,1029,2010-02-04,HR4061,425,1.0
house_111_2nd_47,house,111,2,47,1033,2010-02-04,HR4532,416,1.0
house_111_2nd_50,house,111,2,50,1036,2010-02-22,HR4238,329,1.0
house_111_2nd_49,house,111,2,49,1035,2010-02-22,HR4425,328,1.0
house_111_2nd_59,house,111,2,59,1045,2010-02-23,HR2314,407,1.0
house_111_2nd_64,house,111,2,64,1050,2010-02-24,HR4626,423,1.0
house_111_2nd_73,house,111,2,73,1059,2010-02-26,HR2701,402,1.0
house_111_2nd_82,house,111,2,82,1068,2010-03-03,HR4247,413,1.0
house_111_2nd_109,house,111,2,109,1094,2010-03-12,HR3650,352,1.0
house_111_2nd_116,house,111,2,116,1101,2010-03-16,HR4628,414,1.0
house_111_2nd_124,house,111,2,124,1109,2010-03-17,S1147,410,1.0
house_111_2nd_127,house,111,2,127,1112,2010-03-17,HR4825,412,1.0
house_111_2nd_134,house,111,2,134,1119,2010-03-18,HR3509,406,1.0
house_111_2nd_128,house,111,2,128,1113,2010-03-18,HR4214,417,1.0
house_111_2nd_137,house,111,2,137,1122,2010-03-19,HR3671,408,1.0
house_111_2nd_142,house,111,2,142,1127,2010-03-19,HR3644,412,1.0
house_111_2nd_138,house,111,2,138,1123,2010-03-19,HR2788,408,1.0
house_111_2nd_151,house,111,2,151,1136,2010-03-20,HR1612,402,1.0
house_111_2nd_155,house,111,2,155,1140,2010-03-21,HR4840,418,1.0
house_111_2nd_167,house,111,2,167,1152,2010-03-21,HR4872,429,1.0
house_111_2nd_170,house,111,2,170,1155,2010-03-22,HR4810,411,1.0
house_111_2nd_171,house,111,2,171,1156,2010-03-22,HR4667,405,1.0
house_111_2nd_174,house,111,2,174,1159,2010-03-23,HJRES80,414,1.0
house_111_2nd_186,house,111,2,186,1171,2010-03-24,HR4899,412,1.0
house_111_2nd_182,house,111,2,182,1167,2010-03-24,HR4849,422,1.0
house_111_2nd_192,house,111,2,192,1177,2010-03-25,HR4360,415,1.0
house_111_2nd_209,house,111,2,209,1194,2010-04-15,HR4715,404,1.0
house_111_2nd_223,house,111,2,223,1208,2010-04-26,HR4861,369,1.0
house_111_2nd_221,house,111,2,221,1206,2010-04-26,HR4543,368,1.0
house_111_2nd_226,house,111,2,226,1211,2010-04-27,HR5146,415,1.0
house_111_2nd_230,house,111,2,230,1215,2010-04-28,HR5013,418,1.0
house_111_2nd_242,house,111,2,242,1227,2010-04-29,HR2499,390,1.0
house_111_2nd_255,house,111,2,255,1240,2010-05-06,HR5019,405,1.0
house_111_2nd_280,house,111,2,280,1265,2010-05-19,HR5099,409,1.0
house_111_2nd_277,house,111,2,277,1262,2010-05-19,HR5325,407,1.0
house_111_2nd_276,house,111,2,276,1261,2010-05-19,HR1514,407,1.0
house_111_2nd_298,house,111,2,298,1283,2010-05-25,HR3885,405,1.0
house_111_2nd_336,house,111,2,336,1321,2010-05-28,HR5136,413,1.0
house_111_2nd_332,house,111,2,332,1317,2010-05-28,HR5116,410,1.0
house_111_2nd_345,house,111,2,345,1330,2010-06-09,HR5278,414,1.0
house_111_2nd_346,house,111,2,346,1331,2010-06-09,HR5133,407,1.0
house_111_2nd_353,house,111,2,353,1338,2010-06-10,HR5072,408,1.0
house_111_2nd_354,house,111,2,354,1339,2010-06-10,S3473,408,1.0
house_111_2nd_357,house,111,2,357,1342,2010-06-14,HR5502,355,1.0
house_111_2nd_363,house,111,2,363,1348,2010-06-15,HR5486,415,1.0
house_111_2nd_375,house,111,2,375,1360,2010-06-17,HR5297,421,1.0
house_111_2nd_391,house,111,2,391,1376,2010-06-24,HR5175,423,1.0
house_111_2nd_398,house,111,2,398,1383,2010-06-29,HR5618,415,1.0
house_111_2nd_403,house,111,2,403,1388,2010-06-30,HR5395,407,1.0
house_111_2nd_413,house,111,2,413,1398,2010-06-30,HR4173,427,1.0
house_111_2nd_405,house,111,2,405,1390,2010-06-30,HR4307,415,1.0
house_111_2nd_408,house,111,2,408,1393,2010-06-30,HR4505,418,1.0
house_111_2nd_423,house,111,2,423,1408,2010-07-01,HR5618,421,1.0
house_111_2nd_436,house,111,2,436,1419,2010-07-13,HR4773,378,1.0
house_111_2nd_441,house,111,2,441,1424,2010-07-14,HR1722,419,1.0
house_111_2nd_442,house,111,2,442,1425,2010-07-14,S1508,412,1.0
house_111_2nd_447,house,111,2,447,1430,2010-07-15,HR5114,417,1.0
house_111_2nd_452,house,111,2,452,1435,2010-07-20,HR5604,400,1.0
house_111_2nd_464,house,111,2,464,1447,2010-07-22,HR5341,409,1.0
house_111_2nd_471,house,111,2,471,1454,2010-07-27,HR5730,415,1.0
house_111_2nd_482,house,111,2,482,1465,2010-07-28,HR5822,415,1.0
house_111_2nd_499,house,111,2,499,1482,2010-07-29,HR5850,417,1.0
house_111_2nd_506,house,111,2,506,1489,2010-07-30,HR5851,407,1.0
house_111_2nd_502,house,111,2,502,1485,2010-07-30,HR5901,412,1.0
house_111_2nd_514,house,111,2,514,1497,2010-07-30,HR5982,394,1.0
house_111_2nd_513,house,111,2,513,1496,2010-07-30,HR3534,401,1.0
house_111_2nd_524,house,111,2,524,1507,2010-09-15,HR5366,407,1.0
house_111_2nd_522,house,111,2,522,1505,2010-09-15,HR5873,409,1.0
house_111_2nd_530,house,111,2,530,1513,2010-09-16,HR4785,410,1.0
house_111_2nd_561,house,111,2,561,1544,2010-09-29,S3729,420,1.0
house_111_2nd_551,house,111,2,551,1534,2010-09-29,HR3685,423,1.0
house_111_2nd_550,house,111,2,550,1533,2010-09-29,HR847,426,1.0
house_111_2nd_554,house,111,2,554,1537,2010-09-29,HR2378,425,1.0
house_111_2nd_574,house,111,2,574,1557,2010-11-17,HR5758,415,1.0
house_111_2nd_580,house,111,2,580,1563,2010-11-18,S3774,405,1.0
house_111_2nd_581,house,111,2,581,1564,2010-11-29,HR5877,364,1.0
house_111_2nd_593,house,111,2,593,1576,2010-12-01,HJRES101,415,1.0
house_111_2nd_601,house,111,2,601,1584,2010-12-02,HR6469,417,1.0
house_111_2nd_603,house,111,2,603,1586,2010-12-02,S3307,419,1.0
house_111_2nd_608,house,111,2,608,1591,2010-12-07,HR6400,381,1.0
house_111_2nd_624,house,111,2,624,1607,2010-12-08,S3998,402,1.0
house_111_2nd_627,house,111,2,627,1610,2010-12-09,HR6412,371,1.0
house_111_2nd_628,house,111,2,628,1611,2010-12-14,S1405,363,1.0
house_111_2nd_629,house,111,2,629,1612,2010-12-14,S3167,367,1.0
house_111_2nd_630,house,111,2,630,1613,2010-12-14,HR6510,362,1.0
house_111_2nd_634,house,111,2,634,1617,2010-12-15,HR6205,398,1.0
house_111_2nd_631,house,111,2,631,1614,2010-12-15,HR5446,404,1.0
house_111_2nd_642,house,111,2,642,1625,2010-12-16,S3447,410,1.0
house_111_2nd_640,house,111,2,640,1623,2010-12-16,S841,407,1.0
house_111_2nd_645,house,111,2,645,1628,2010-12-16,S987,405,1.0
house_111_2nd_641,house,111,2,641,1624,2010-12-16,S3860,408,1.0
house_111_2nd_656,house,111,2,656,1639,2010-12-17,S3874,334,1.0
house_111_2nd_658,house,111,2,658,1641,2010-12-21,HR6540,347,1.0
house_111_2nd_663,house,111,2,663,1646,2010-12-21,HR6547,333,1.0
house_112_1st_14,house,112,1,14,12,2011-01-19,HR2,433,1.0
house_112_1st_25,house,112,1,25,23,2011-01-26,HR359,398,1.0
house_112_1st_26,house,112,1,26,24,2011-02-08,HR514,424,1.0
house_112_1st_27,house,112,1,27,25,2011-02-09,S188,428,1.0
house_112_1st_28,house,112,1,28,26,2011-02-09,HR519,427,1.0
house_112_1st_36,house,112,1,36,34,2011-02-14,HR514,418,1.0
house_112_1st_147,house,112,1,147,145,2011-02-19,HR1,423,1.0
house_112_1st_154,house,112,1,154,152,2011-03-01,HJRES44,425,1.0
house_112_1st_160,house,112,1,160,158,2011-03-02,HR662,424,1.0
house_112_1st_162,house,112,1,162,160,2011-03-03,HR4,425,1.0
house_112_1st_164,house,112,1,164,162,2011-03-08,HR525,417,1.0
house_112_1st_163,house,112,1,163,161,2011-03-08,HR570,412,1.0
house_112_1st_171,house,112,1,171,169,2011-03-10,HR830,426,1.0
house_112_1st_174,house,112,1,174,172,2011-03-11,HR836,418,1.0
house_112_1st_175,house,112,1,175,173,2011-03-14,HR793,393,1.0
house_112_1st_179,house,112,1,179,177,2011-03-15,HJRES48,428,1.0
house_112_1st_188,house,112,1,188,186,2011-03-16,HR861,423,1.0
house_112_1st_192,house,112,1,192,190,2011-03-17,HR1076,419,1.0
house_112_1st_198,house,112,1,198,196,2011-03-29,HR839,421,1.0
house_112_1st_204,house,112,1,204,202,2011-03-30,HR471,419,1.0
house_112_1st_220,house,112,1,220,218,2011-04-01,HR658,418,1.0
house_112_1st_224,house,112,1,224,222,2011-04-01,HR1255,422,1.0
house_112_1st_225,house,112,1,225,223,2011-04-04,HR1246,392,1.0
house_112_1st_249,house,112,1,249,247,2011-04-07,HR910,426,1.0
house_112_1st_247,house,112,1,247,245,2011-04-07,HR1363,427,1.0
house_112_1st_250,house,112,1,250,248,2011-04-08,HJRES37,411,1.0
house_112_1st_252,house,112,1,252,250,2011-04-08,HJRES37,418,1.0
house_112_1st_254,house,112,1,254,252,2011-04-12,HR1308,411,1.0
house_112_1st_255,house,112,1,255,253,2011-04-12,S307,410,1.0
house_112_1st_264,house,112,1,264,262,2011-04-13,HR1217,418,1.0
house_112_1st_268,house,112,1,268,266,2011-04-14,HR1473,426,1.0
house_112_1st_278,house,112,1,278,276,2011-05-02,HR1423,398,1.0
house_112_1st_285,house,112,1,285,283,2011-05-03,HR1213,420,1.0
house_112_1st_292,house,112,1,292,290,2011-05-04,HR3,425,1.0
house_112_1st_290,house,112,1,290,288,2011-05-04,HR1214,425,1.0
house_112_1st_298,house,112,1,298,296,2011-05-05,HR1230,414,1.0
house_112_1st_309,house,112,1,309,307,2011-05-11,HR1229,425,1.0
house_112_1st_320,house,112,1,320,318,2011-05-12,HR1231,422,1.0
house_112_1st_329,house,112,1,329,327,2011-05-13,HR754,407,1.0
house_112_1st_332,house,112,1,332,330,2011-05-23,HR1657,385,1.0
house_112_1st_340,house,112,1,340,338,2011-05-25,HR1216,418,1.0
house_112_1st_375,house,112,1,375,373,2011-05-26,HR1540,417,1.0
house_112_1st_378,house,112,1,378,376,2011-05-31,S1082,419,1.0
house_112_1st_379,house,112,1,379,377,2011-05-31,HR1954,414,1.0
house_112_1st_409,house,112,1,409,407,2011-06-02,HR2017,418,1.0
house_112_1st_418,house,112,1,418,416,2011-06-14,HR2055,415,1.0
house_112_1st_459,house,112,1,459,457,2011-06-16,HR2112,419,1.0
house_112_1st_462,house,112,1,462,460,2011-06-21,S349,396,1.0
house_112_1st_460,house,112,1,460,458,2011-06-21,HR1632,395,1.0
house_112_1st_461,house,112,1,461,459,2011-06-21,HR771,397,1.0
house_112_1st_478,house,112,1,478,476,2011-06-22,HR2021,418,1.0
house_112_1st_491,house,112,1,491,488,2011-06-23,HR1249,420,1.0
house_112_1st_494,house,112,1,494,491,2011-06-24,HR2278,417,1.0
house_112_1st_493,house,112,1,493,490,2011-06-24,HJRES68,417,1.0
house_112_1st_532,house,112,1,532,529,2011-07-08,HR2219,422,1.0
house_112_1st_562,house,112,1,562,559,2011-07-12,HR1309,427,1.0
house_112_1st_563,house,112,1,563,560,2011-07-12,HR2417,425,1.0
house_112_1st_573,house,112,1,573,570,2011-07-13,HR2018,422,1.0
house_112_1st_600,house,112,1,600,597,2011-07-15,HR2354,414,1.0
house_112_1st_606,house,112,1,606,603,2011-07-19,HR2560,423,1.0
house_112_1st_611,house,112,1,611,608,2011-07-20,HR2553,419,1.0
house_112_1st_621,house,112,1,621,618,2011-07-21,HR1315,413,1.0
house_112_1st_629,house,112,1,629,626,2011-07-22,HR2551,410,1.0
house_112_1st_650,house,112,1,650,647,2011-07-26,HR1938,425,1.0
house_112_1st_674,house,112,1,674,671,2011-07-29,HR2244,418,1.0
house_112_1st_678,house,112,1,678,675,2011-07-29,HR2213,419,1.0
house_112_1st_677,house,112,1,677,674,2011-07-29,S627,427,1.0
house_112_1st_679,house,112,1,679,676,2011-07-30,HR1975,415,1.0
house_112_1st_680,house,112,1,680,677,2011-07-30,HR1843,416,1.0
house_112_1st_684,house,112,1,684,681,2011-08-01,HR398,425,1.0
house_112_1st_690,house,112,1,690,686,2011-08-01,S365,429,1.0
house_112_1st_683,house,112,1,683,680,2011-08-01,HR2715,422,1.0
house_112_1st_698,house,112,1,698,694,2011-09-09,HR1892,397,1.0
house_112_1st_701,house,112,1,701,697,2011-09-12,HR1059,383,1.0
house_112_1st_705,house,112,1,705,701,2011-09-13,HR2218,418,1.0
house_112_1st_706,house,112,1,706,702,2011-09-14,HJRES77,417,1.0
house_112_1st_711,house,112,1,711,707,2011-09-15,HR2587,423,1.0
house_112_1st_713,house,112,1,713,709,2011-09-20,HR2189,415,1.0
house_112_1st_712,house,112,1,712,708,2011-09-20,HR2944,414,1.0
house_112_1st_718,house,112,1,718,714,2011-09-21,S846,408,1.0
house_112_1st_741,house,112,1,741,737,2011-09-23,HR2401,417,1.0
house_112_1st_744,house,112,1,744,740,2011-10-03,HR670,396,1.0
house_112_1st_743,house,112,1,743,739,2011-10-03,HR765,393,1.0
house_112_1st_764,house,112,1,764,760,2011-10-06,HR2681,422,1.0
house_112_1st_782,house,112,1,782,778,2011-10-12,HR3079,428,1.0
house_112_1st_781,house,112,1,781,777,2011-10-12,HR3078,428,1.0
house_112_1st_783,house,112,1,783,779,2011-10-12,HR3080,428,1.0
house_112_1st_789,house,112,1,789,785,2011-10-13,HR358,422,1.0
house_112_1st_791,house,112,1,791,787,2011-10-13,HR2250,416,1.0
house_112_1st_800,house,112,1,800,796,2011-10-14,HR2273,410,1.0
house_112_1st_801,house,112,1,801,797,2011-10-24,HR320,392,1.0
house_112_1st_804,house,112,1,804,800,2011-10-25,HR2447,421,1.0
house_112_1st_809,house,112,1,809,805,2011-10-26,HR1904,420,1.0
house_112_1st_813,house,112,1,813,809,2011-10-27,HR2576,418,1.0
house_112_1st_815,house,112,1,815,811,2011-10-27,HR674,420,1.0
house_112_1st_817,house,112,1,817,813,2011-11-01,S1280,405,1.0
house_112_1st_825,house,112,1,825,821,2011-11-03,HR2930,423,1.0
house_112_1st_828,house,112,1,828,824,2011-11-03,HR2940,423,1.0
house_112_1st_831,house,112,1,831,827,2011-11-04,HR3321,388,1.0
house_112_1st_838,house,112,1,838,834,2011-11-14,HR298,390,1.0
house_112_1st_839,house,112,1,839,835,2011-11-14,HR2422,389,1.0
house_112_1st_837,house,112,1,837,833,2011-11-14,S1412,384,1.0
house_112_1st_852,house,112,1,852,848,2011-11-16,HR822,425,1.0
house_112_1st_857,house,112,1,857,853,2011-11-17,HR2112,418,1.0
house_112_1st_861,house,112,1,861,857,2011-11-29,HR2192,407,1.0
house_112_1st_869,house,112,1,869,865,2011-11-30,HR3094,422,1.0
house_112_1st_880,house,112,1,880,876,2011-12-01,HR527,421,1.0
house_112_1st_873,house,112,1,873,869,2011-12-01,HR3463,424,1.0
house_112_1st_888,house,112,1,888,884,2011-12-02,HR3010,419,1.0
house_112_1st_901,house,112,1,901,897,2011-12-07,HR10,424,1.0
house_112_1st_912,house,112,1,912,908,2011-12-08,HR1633,417,1.0
house_112_1st_913,house,112,1,913,909,2011-12-12,HR3220,350,1.0
house_112_1st_914,house,112,1,914,910,2011-12-12,HR2158,353,1.0
house_112_1st_924,house,112,1,924,920,2011-12-13,HR2767,419,1.0
house_112_1st_923,house,112,1,923,919,2011-12-13,HR3630,426,1.0
house_112_1st_921,house,112,1,921,917,2011-12-13,S384,417,1.0
house_112_1st_920,house,112,1,920,916,2011-12-13,HR3246,414,1.0
house_112_1st_932,house,112,1,932,928,2011-12-14,HR1540,418,1.0
house_112_1st_929,house,112,1,929,925,2011-12-14,HR3421,415,1.0
house_112_1st_935,house,112,1,935,931,2011-12-15,HR2719,415,1.0
house_112_1st_943,house,112,1,943,939,2011-12-16,HR3672,417,1.0
house_112_1st_941,house,112,1,941,937,2011-12-16,HR2055,416,1.0
house_112_2nd_4,house,112,2,4,948,2012-01-18,HJRES98,414,1.0
house_112_2nd_6,house,112,2,6,950,2012-01-23,HR1141,377,1.0
house_112_2nd_10,house,112,2,10,954,2012-01-25,HR1022,407,1.0
house_112_2nd_11,house,112,2,11,955,2012-01-25,HR3801,407,1.0
house_112_2nd_18,house,112,2,18,962,2012-02-01,HR1173,425,1.0
house_112_2nd_19,house,112,2,19,963,2012-02-01,HR3835,425,1.0
house_112_2nd_30,house,112,2,30,974,2012-02-02,HR3582,420,1.0
house_112_2nd_33,house,112,2,33,977,2012-02-03,HR658,416,1.0
house_112_2nd_32,house,112,2,32,976,2012-02-03,HR3578,411,1.0
house_112_2nd_42,house,112,2,42,986,2012-02-07,HR3581,424,1.0
house_112_2nd_38,house,112,2,38,982,2012-02-07,HR1734,422,1.0
house_112_2nd_46,house,112,2,46,990,2012-02-08,HR3521,426,1.0
house_112_2nd_54,house,112,2,54,998,2012-02-15,HR3248,411,1.0
house_112_2nd_53,house,112,2,53,997,2012-02-15,HR3247,418,1.0
house_112_2nd_52,house,112,2,52,996,2012-02-15,HR2079,419,1.0
house_112_2nd_71,house,112,2,71,1015,2012-02-16,HR3408,423,1.0
house_112_2nd_72,house,112,2,72,1016,2012-02-17,HR3630,424,1.0
house_112_2nd_79,house,112,2,79,1023,2012-02-28,HR2117,417,1.0
house_112_2nd_91,house,112,2,91,1035,2012-02-29,HR1837,420,1.0
house_112_2nd_93,house,112,2,93,1037,2012-03-01,S1134,418,1.0
house_112_2nd_95,house,112,2,95,1039,2012-03-05,HR3637,363,1.0
house_112_2nd_96,house,112,2,96,1040,2012-03-06,HR4105,408,1.0
house_112_2nd_100,house,112,2,100,1044,2012-03-07,HR2842,418,1.0
house_112_2nd_110,house,112,2,110,1054,2012-03-08,HR3606,412,1.0
house_112_2nd_111,house,112,2,111,1055,2012-03-19,HR3992,370,1.0
house_112_2nd_117,house,112,2,117,1061,2012-03-20,HR2087,403,1.0
house_112_2nd_126,house,112,2,126,1070,2012-03-22,HR5,403,1.0
house_112_2nd_133,house,112,2,133,1077,2012-03-27,HR3298,418,1.0
house_112_2nd_138,house,112,2,138,1082,2012-03-27,HR3309,420,1.0
house_112_2nd_147,house,112,2,147,1091,2012-03-29,HR4281,423,1.0
house_112_2nd_152,house,112,2,152,1096,2012-04-16,HR3001,376,1.0
house_112_2nd_153,house,112,2,153,1097,2012-04-16,HR4040,376,1.0
house_112_2nd_164,house,112,2,164,1108,2012-04-17,HR4089,419,1.0
house_112_2nd_157,house,112,2,157,1101,2012-04-17,HR1815,411,1.0
house_112_2nd_170,house,112,2,170,1114,2012-04-18,HR4348,419,1.0
house_112_2nd_177,house,112,2,177,1121,2012-04-19,HR9,407,1.0
house_112_2nd_178,house,112,2,178,1122,2012-04-24,HR2157,377,1.0
house_112_2nd_192,house,112,2,192,1136,2012-04-26,HR3523,415,1.0
house_112_2nd_195,house,112,2,195,1139,2012-04-27,HR4628,409,1.0
house_112_2nd_247,house,112,2,247,1191,2012-05-10,HR5652,416,1.0
house_112_2nd_249,house,112,2,249,1193,2012-05-10,HR5326,409,1.0
house_112_2nd_258,house,112,2,258,1202,2012-05-16,HR4970,426,1.0
house_112_2nd_262,house,112,2,262,1206,2012-05-17,HR5740,419,1.0
house_112_2nd_291,house,112,2,291,1235,2012-05-18,HR4310,418,1.0
house_112_2nd_295,house,112,2,295,1239,2012-05-30,HR4201,391,1.0
house_112_2nd_301,house,112,2,301,1245,2012-05-31,HR5743,413,1.0
house_112_2nd_305,house,112,2,305,1249,2012-05-31,HR5854,418,1.0
house_112_2nd_342,house,112,2,342,1285,2012-06-06,HR5325,419,1.0
house_112_2nd_370,house,112,2,370,1313,2012-06-07,HR5855,415,1.0
house_112_2nd_361,house,112,2,361,1304,2012-06-07,HR436,415,1.0
house_112_2nd_377,house,112,2,377,1320,2012-06-08,HR5882,408,1.0
house_112_2nd_380,house,112,2,380,1323,2012-06-18,S404,379,1.0
house_112_2nd_379,house,112,2,379,1322,2012-06-18,S684,385,1.0
house_112_2nd_387,house,112,2,387,1330,2012-06-19,HR2578,419,1.0
house_112_2nd_410,house,112,2,410,1353,2012-06-21,HR4480,410,1.0
house_112_2nd_451,house,112,2,451,1394,2012-06-29,HR4348,424,1.0
house_112_2nd_450,house,112,2,450,1393,2012-06-29,HR5972,423,1.0
house_112_2nd_453,house,112,2,453,1396,2012-07-09,HR4367,370,1.0
house_112_2nd_454,house,112,2,454,1397,2012-07-09,HR5892,371,1.0
house_112_2nd_460,house,112,2,460,1403,2012-07-11,HR6079,428,1.0
house_112_2nd_468,house,112,2,468,1411,2012-07-12,HR4402,415,1.0
house_112_2nd_470,house,112,2,470,1413,2012-07-17,S2009,388,1.0
house_112_2nd_498,house,112,2,498,1441,2012-07-19,HR5856,415,1.0
house_112_2nd_501,house,112,2,501,1444,2012-07-23,HR3477,378,1.0
house_112_2nd_500,house,112,2,500,1443,2012-07-23,S2039,379,1.0
house_112_2nd_512,house,112,2,512,1455,2012-07-25,HR6168,424,1.0
house_112_2nd_511,house,112,2,511,1454,2012-07-25,HR6082,422,1.0
house_112_2nd_536,house,112,2,536,1479,2012-07-26,HR4078,416,1.0
house_112_2nd_537,house,112,2,537,1480,2012-07-31,S679,376,1.0
house_112_2nd_545,house,112,2,545,1488,2012-08-01,HR8,426,1.0
house_112_2nd_554,house,112,2,554,1497,2012-08-02,HR6233,419,1.0
house_112_2nd_552,house,112,2,552,1495,2012-08-02,HR6169,420,1.0
house_112_2nd_559,house,112,2,559,1502,2012-09-10,HR6186,374,1.0
house_112_2nd_557,house,112,2,557,1500,2012-09-10,HR6122,376,1.0
house_112_2nd_569,house,112,2,569,1512,2012-09-12,HR5949,418,1.0
house_112_2nd_568,house,112,2,568,1511,2012-09-12,HR5544,413,1.0
house_112_2nd_580,house,112,2,580,1523,2012-09-13,S3245,414,1.0
house_112_2nd_579,house,112,2,579,1522,2012-09-13,HJRES117,419,1.0
house_112_2nd_577,house,112,2,577,1520,2012-09-13,HR6365,418,1.0
house_112_2nd_584,house,112,2,584,1527,2012-09-14,HR6213,405,1.0
house_112_2nd_589,house,112,2,589,1532,2012-09-20,HJRES118,413,1.0
house_112_2nd_590,house,112,2,590,1533,2012-09-20,HR6429,414,1.0
house_112_2nd_603,house,112,2,603,1546,2012-09-21,HR3409,407,1.0
house_112_2nd_604,house,112,2,604,1547,2012-11-13,HR6371,363,1.0
house_112_2nd_608,house,112,2,608,1551,2012-11-16,HR6156,407,1.0
house_112_2nd_613,house,112,2,613,1556,2012-11-30,HR6429,383,1.0
house_112_2nd_619,house,112,2,619,1562,2012-12-05,S2367,398,1.0
house_112_2nd_618,house,112,2,618,1561,2012-12-05,HR6602,391,1.0
house_112_2nd_623,house,112,2,623,1566,2012-12-12,HR6190,410,1.0
house_112_2nd_628,house,112,2,628,1571,2012-12-17,S3193,305,1.0
house_112_2nd_629,house,112,2,629,1572,2012-12-18,HR6504,394,1.0
house_112_2nd_632,house,112,2,632,1575,2012-12-18,S3642,391,1.0
house_112_2nd_637,house,112,2,637,1580,2012-12-19,S3564,409,1.0
house_112_2nd_636,house,112,2,636,1579,2012-12-19,HR6655,406,1.0
house_112_2nd_633,house,112,2,633,1576,2012-12-19,HR6672,399,1.0
house_112_2nd_646,house,112,2,646,1589,2012-12-20,HR3197,421,1.0
house_112_2nd_644,house,112,2,644,1587,2012-12-20,HR6684,423,1.0
house_112_2nd_645,house,112,2,645,1588,2012-12-20,HR4310,421,1.0
house_112_2nd_647,house,112,2,647,1590,2012-12-20,HR6443,421,1.0
house_112_2nd_648,house,112,2,648,1591,2012-12-20,S925,414,1.0
house_112_2nd_651,house,112,2,651,1594,2012-12-30,S3202,392,1.0
house_112_2nd_653,house,112,2,653,1596,2012-12-31,HR6612,403,1.0
house_112_2nd_652,house,112,2,652,1595,2012-12-31,S3454,401,1.0
house_112_2nd_655,house,112,2,655,1598,2013-01-01,HR6726,415,1.0
house_113_1st_7,house,113,1,7,6,2013-01-04,HR41,420,1.0
house_113_1st_8,house,113,1,8,7,2013-01-14,HR219,402,1.0
house_113_1st_23,house,113,1,23,22,2013-01-15,HR152,420,1.0
house_113_1st_24,house,113,1,24,23,2013-01-22,HR307,423,1.0
house_113_1st_30,house,113,1,30,29,2013-01-23,HR325,428,1.0
house_113_1st_31,house,113,1,31,30,2013-02-04,HR225,401,1.0
house_113_1st_32,house,113,1,32,31,2013-02-04,HR297,401,1.0
house_113_1st_38,house,113,1,38,37,2013-02-06,HR444,419,1.0
house_113_1st_40,house,113,1,40,39,2013-02-13,HR267,421,1.0
house_113_1st_39,house,113,1,39,38,2013-02-13,HR592,425,1.0
house_113_1st_44,house,113,1,44,43,2013-02-15,HR273,414,1.0
house_113_1st_47,house,113,1,47,46,2013-02-25,HR667,393,1.0
house_113_1st_55,house,113,1,55,54,2013-02-28,S47,423,1.0
house_113_1st_57,house,113,1,57,56,2013-03-05,HR668,419,1.0
house_113_1st_58,house,113,1,58,57,2013-03-05,HR338,425,1.0
house_113_1st_62,house,113,1,62,61,2013-03-06,HR933,417,1.0
house_113_1st_63,house,113,1,63,62,2013-03-12,HR1035,413,1.0
house_113_1st_68,house,113,1,68,67,2013-03-13,HR890,426,1.0
house_113_1st_75,house,113,1,75,74,2013-03-15,HR803,416,1.0
house_113_1st_90,house,113,1,90,89,2013-04-09,HR254,403,1.0
house_113_1st_91,house,113,1,91,90,2013-04-09,HR1033,404,1.0
house_113_1st_96,house,113,1,96,95,2013-04-10,HR678,422,1.0
house_113_1st_101,house,113,1,101,100,2013-04-12,HR1120,427,1.0
house_113_1st_105,house,113,1,105,104,2013-04-15,HR249,408,1.0
house_113_1st_106,house,113,1,106,105,2013-04-16,HR1163,415,1.0
house_113_1st_117,house,113,1,117,116,2013-04-18,HR624,414,1.0
house_113_1st_118,house,113,1,118,117,2013-04-23,HR1067,408,1.0
house_113_1st_128,house,113,1,128,127,2013-04-26,HR527,394,1.0
house_113_1st_125,house,113,1,125,124,2013-04-26,HR1765,401,1.0
house_113_1st_129,house,113,1,129,128,2013-05-06,HR588,399,1.0
house_113_1st_130,house,113,1,130,129,2013-05-06,HR291,391,1.0
house_113_1st_131,house,113,1,131,130,2013-05-06,HR507,402,1.0
house_113_1st_137,house,113,1,137,136,2013-05-08,HR1406,426,1.0
house_113_1st_142,house,113,1,142,141,2013-05-09,HR807,427,1.0
house_113_1st_145,house,113,1,145,144,2013-05-14,HR1580,412,1.0
house_113_1st_154,house,113,1,154,153,2013-05-16,HR45,423,1.0
house_113_1st_160,house,113,1,160,159,2013-05-17,HR1062,395,1.0
house_113_1st_162,house,113,1,162,161,2013-05-20,HR1073,392,1.0
house_113_1st_161,house,113,1,161,160,2013-05-20,HR258,392,1.0
house_113_1st_179,house,113,1,179,178,2013-05-22,HR3,415,1.0
house_113_1st_183,house,113,1,183,182,2013-05-23,HR1911,418,1.0
house_113_1st_184,house,113,1,184,183,2013-06-03,HR1206,400,1.0
house_113_1st_185,house,113,1,185,184,2013-06-03,S622,401,1.0
house_113_1st_193,house,113,1,193,192,2013-06-04,HR2216,424,1.0
house_113_1st_211,house,113,1,211,210,2013-06-06,HR2217,426,1.0
house_113_1st_212,house,113,1,212,211,2013-06-11,HR251,403,1.0
house_113_1st_213,house,113,1,213,212,2013-06-11,HR1157,408,1.0
house_113_1st_216,house,113,1,216,215,2013-06-12,HR742,421,1.0
house_113_1st_219,house,113,1,219,218,2013-06-12,HR1038,422,1.0
house_113_1st_218,house,113,1,218,217,2013-06-12,HR1256,424,1.0
house_113_1st_244,house,113,1,244,243,2013-06-14,HR1960,422,1.0
house_113_1st_247,house,113,1,247,246,2013-06-17,HR862,395,1.0
house_113_1st_245,house,113,1,245,244,2013-06-17,HR876,397,1.0
house_113_1st_250,house,113,1,250,249,2013-06-18,HR1151,423,1.0
house_113_1st_251,house,113,1,251,250,2013-06-18,HR1797,423,1.0
house_113_1st_252,house,113,1,252,251,2013-06-18,HR1896,420,1.0
house_113_1st_286,house,113,1,286,285,2013-06-20,HR1947,428,1.0
house_113_1st_288,house,113,1,288,287,2013-06-25,HR1092,394,1.0
house_113_1st_287,house,113,1,287,286,2013-06-25,HR2383,396,1.0
house_113_1st_294,house,113,1,294,293,2013-06-27,HR1864,422,1.0
house_113_1st_293,house,113,1,293,292,2013-06-27,HR1613,426,1.0
house_113_1st_304,house,113,1,304,303,2013-06-28,HR2231,420,1.0
house_113_1st_307,house,113,1,307,306,2013-07-08,HR1171,387,1.0
house_113_1st_345,house,113,1,345,344,2013-07-10,HR2609,424,1.0
house_113_1st_353,house,113,1,353,352,2013-07-11,HR2642,423,1.0
house_113_1st_354,house,113,1,354,353,2013-07-16,HR2576,406,1.0
house_113_1st_356,house,113,1,356,355,2013-07-16,HR2611,410,1.0
house_113_1st_361,house,113,1,361,360,2013-07-17,HR2667,424,1.0
house_113_1st_363,house,113,1,363,362,2013-07-17,HR2668,424,1.0
house_113_1st_374,house,113,1,374,373,2013-07-19,HR5,427,1.0
house_113_1st_375,house,113,1,375,374,2013-07-22,HR1542,390,1.0
house_113_1st_414,house,113,1,414,413,2013-07-24,HR2397,423,1.0
house_113_1st_418,house,113,1,418,417,2013-07-25,HR2218,419,1.0
house_113_1st_432,house,113,1,432,431,2013-08-01,HR1582,412,1.0
house_113_1st_436,house,113,1,436,435,2013-08-01,HR2879,414,1.0
house_113_1st_447,house,113,1,447,446,2013-08-02,HR2009,416,1.0
house_113_1st_445,house,113,1,445,444,2013-08-02,HR367,414,1.0
house_113_1st_454,house,113,1,454,453,2013-09-10,S256,414,1.0
house_113_1st_451,house,113,1,451,450,2013-09-10,HR2747,405,1.0
house_113_1st_452,house,113,1,452,451,2013-09-10,S130,408,1.0
house_113_1st_455,house,113,1,455,454,2013-09-10,S459,418,1.0
house_113_1st_453,house,113,1,453,452,2013-09-10,S304,419,1.0
house_113_1st_458,house,113,1,458,457,2013-09-12,HR2775,425,1.0
house_113_1st_461,house,113,1,461,460,2013-09-17,HR2449,406,1.0
house_113_1st_471,house,113,1,471,470,2013-09-18,HR761,423,1.0
house_113_1st_476,house,113,1,476,475,2013-09-19,HR3102,426,1.0
house_113_1st_483,house,113,1,483,482,2013-09-20,HR1526,416,1.0
house_113_1st_478,house,113,1,478,477,2013-09-20,HJRES59,418,1.0
house_113_1st_484,house,113,1,484,483,2013-09-25,HR1961,369,1.0
house_113_1st_487,house,113,1,487,486,2013-09-26,HR2600,410,1.0
house_113_1st_486,house,113,1,486,485,2013-09-26,HR3095,405,1.0
house_113_1st_492,house,113,1,492,491,2013-09-27,HR3096,405,1.0
house_113_1st_499,house,113,1,499,498,2013-09-29,HR3210,422,1.0
house_113_1st_503,house,113,1,503,502,2013-09-30,S1348,421,1.0
house_113_1st_507,house,113,1,507,506,2013-10-01,HJRES71,427,1.0
house_113_1st_506,house,113,1,506,505,2013-10-01,HJRES72,427,1.0
house_113_1st_508,house,113,1,508,507,2013-10-01,HJRES70,427,1.0
house_113_1st_513,house,113,1,513,512,2013-10-02,HJRES70,424,1.0
house_113_1st_514,house,113,1,514,513,2013-10-02,HJRES73,424,1.0
house_113_1st_518,house,113,1,518,517,2013-10-03,HJRES72,415,1.0
house_113_1st_516,house,113,1,516,515,2013-10-03,HR3230,424,1.0
house_113_1st_524,house,113,1,524,523,2013-10-04,HJRES75,407,1.0
house_113_1st_522,house,113,1,522,521,2013-10-04,HJRES85,410,1.0
house_113_1st_525,house,113,1,525,524,2013-10-05,HR3223,406,1.0
house_113_1st_528,house,113,1,528,527,2013-10-07,HJRES77,396,1.0
house_113_1st_530,house,113,1,530,529,2013-10-08,HJRES84,415,1.0
house_113_1st_535,house,113,1,535,534,2013-10-08,HJRES89,419,1.0
house_113_1st_534,house,113,1,534,533,2013-10-08,HR3273,420,1.0
house_113_1st_538,house,113,1,538,537,2013-10-09,HJRES91,424,1.0
house_113_1st_537,house,113,1,537,536,2013-10-09,HJRES90,423,1.0
house_113_1st_540,house,113,1,540,539,2013-10-10,HJRES79,423,1.0
house_113_1st_542,house,113,1,542,541,2013-10-11,HJRES76,423,1.0
house_113_1st_548,house,113,1,548,547,2013-10-14,HJRES80,392,1.0
house_113_1st_551,house,113,1,551,550,2013-10-22,HR185,402,1.0
house_113_1st_552,house,113,1,552,551,2013-10-22,HR3205,401,1.0
house_113_1st_560,house,113,1,560,559,2013-10-23,HR3080,419,1.0
house_113_1st_562,house,113,1,562,561,2013-10-28,HR2011,405,1.0
house_113_1st_567,house,113,1,567,566,2013-10-29,HR2374,419,1.0
house_113_1st_570,house,113,1,570,569,2013-10-30,HJRES99,412,1.0
house_113_1st_569,house,113,1,569,568,2013-10-30,HR992,413,1.0
house_113_1st_572,house,113,1,572,571,2013-11-12,HR2922,401,1.0
house_113_1st_571,house,113,1,571,570,2013-11-12,HR2871,400,1.0
house_113_1st_579,house,113,1,579,578,2013-11-13,HR982,419,1.0
house_113_1st_581,house,113,1,581,580,2013-11-14,HR2655,422,1.0
house_113_1st_587,house,113,1,587,586,2013-11-15,HR3350,417,1.0
house_113_1st_600,house,113,1,600,599,2013-11-20,HR1965,419,1.0
house_113_1st_604,house,113,1,604,603,2013-11-20,HR2728,421,1.0
house_113_1st_611,house,113,1,611,610,2013-11-21,HR1900,415,1.0
house_113_1st_612,house,113,1,612,611,2013-12-02,HR3547,379,1.0
house_113_1st_613,house,113,1,613,612,2013-12-02,HR3588,382,1.0
house_113_1st_615,house,113,1,615,614,2013-12-03,HR255,404,1.0
house_113_1st_622,house,113,1,622,621,2013-12-04,HR1105,411,1.0
house_113_1st_629,house,113,1,629,628,2013-12-05,HR3309,414,1.0
house_113_1st_634,house,113,1,634,633,2013-12-11,S1471,397,1.0
house_113_2nd_4,house,113,2,4,643,2014-01-08,HR3628,404,1.0
house_113_2nd_2,house,113,2,2,641,2014-01-08,HR724,403,1.0
house_113_2nd_10,house,113,2,10,649,2014-01-09,HR2279,411,1.0
house_113_2nd_11,house,113,2,11,650,2014-01-10,HR3811,411,1.0
house_113_2nd_13,house,113,2,13,652,2014-01-13,S230,392,1.0
house_113_2nd_12,house,113,2,12,651,2014-01-13,HR1513,394,1.0
house_113_2nd_17,house,113,2,17,656,2014-01-14,HR2860,416,1.0
house_113_2nd_15,house,113,2,15,654,2014-01-14,HR801,419,1.0
house_113_2nd_23,house,113,2,23,662,2014-01-16,HR3362,411,1.0
house_113_2nd_30,house,113,2,30,669,2014-01-28,HR7,413,1.0
house_113_2nd_31,house,113,2,31,670,2014-01-29,HR2642,415,1.0
house_113_2nd_50,house,113,2,50,689,2014-02-05,HR3964,418,1.0
house_113_2nd_41,house,113,2,41,680,2014-02-05,HR3590,420,1.0
house_113_2nd_54,house,113,2,54,693,2014-02-06,HR2954,412,1.0
house_113_2nd_61,house,113,2,61,700,2014-02-11,S540,420,1.0
house_113_2nd_67,house,113,2,67,706,2014-02-26,HR1944,416,1.0
house_113_2nd_69,house,113,2,69,708,2014-02-26,HR3865,417,1.0
house_113_2nd_85,house,113,2,85,724,2014-02-27,HR3193,412,1.0
house_113_2nd_78,house,113,2,78,717,2014-02-27,HR2804,413,1.0
house_113_2nd_90,house,113,2,90,729,2014-02-28,HR899,408,1.0
house_113_2nd_97,house,113,2,97,736,2014-03-05,HR4118,408,1.0
house_113_2nd_114,house,113,2,114,753,2014-03-06,HR4152,406,1.0
house_113_2nd_106,house,113,2,106,745,2014-03-06,HR3826,410,1.0
house_113_2nd_113,house,113,2,113,752,2014-03-06,HR2641,406,1.0
house_113_2nd_115,house,113,2,115,754,2014-03-11,HR3474,406,1.0
house_113_2nd_124,house,113,2,124,763,2014-03-12,HR4138,412,1.0
house_113_2nd_129,house,113,2,129,768,2014-03-13,HR3973,412,1.0
house_113_2nd_132,house,113,2,132,771,2014-03-13,HR3189,409,1.0
house_113_2nd_135,house,113,2,135,774,2014-03-14,HR4015,416,1.0
house_113_2nd_136,house,113,2,136,775,2014-03-24,HR3060,395,1.0
house_113_2nd_141,house,113,2,141,780,2014-03-25,HR2824,418,1.0
house_113_2nd_147,house,113,2,147,786,2014-03-26,HR1459,420,1.0
house_113_2nd_150,house,113,2,150,789,2014-04-01,S2183,408,1.0
house_113_2nd_156,house,113,2,156,795,2014-04-03,HR2575,424,1.0
house_113_2nd_164,house,113,2,164,803,2014-04-04,HR1874,403,1.0
house_113_2nd_166,house,113,2,166,805,2014-04-07,HR1872,393,1.0
house_113_2nd_168,house,113,2,168,807,2014-04-08,HR1871,413,1.0
house_113_2nd_174,house,113,2,174,813,2014-04-09,HR4414,414,1.0
house_113_2nd_179,house,113,2,179,818,2014-04-28,HR4120,381,1.0
house_113_2nd_182,house,113,2,182,821,2014-04-29,HR4414,415,1.0
house_113_2nd_187,house,113,2,187,826,2014-04-30,HR4486,414,1.0
house_113_2nd_193,house,113,2,193,832,2014-05-01,HR4487,413,1.0
house_113_2nd_194,house,113,2,194,833,2014-05-06,HR4292,390,1.0
house_113_2nd_217,house,113,2,217,856,2014-05-09,HR10,403,1.0
house_113_2nd_211,house,113,2,211,850,2014-05-09,HR4438,403,1.0
house_113_2nd_229,house,113,2,229,868,2014-05-21,HR4031,420,1.0
house_113_2nd_230,house,113,2,230,869,2014-05-22,HR3361,421,1.0
house_113_2nd_240,house,113,2,240,879,2014-05-22,HR4435,420,1.0
house_113_2nd_271,house,113,2,271,910,2014-05-30,HR4681,401,1.0
house_113_2nd_269,house,113,2,269,908,2014-05-30,HR4660,405,1.0
house_113_2nd_287,house,113,2,287,925,2014-06-10,HR4810,424,1.0
house_113_2nd_297,house,113,2,297,935,2014-06-10,HR4745,419,1.0
house_113_2nd_309,house,113,2,309,947,2014-06-12,HR4457,413,1.0
house_113_2nd_311,house,113,2,311,949,2014-06-12,HR4453,415,1.0
house_113_2nd_313,house,113,2,313,951,2014-06-17,HR3375,393,1.0
house_113_2nd_314,house,113,2,314,952,2014-06-17,HR1671,395,1.0
house_113_2nd_338,house,113,2,338,976,2014-06-20,HR4870,410,1.0
house_113_2nd_339,house,113,2,339,977,2014-06-23,S1044,381,1.0
house_113_2nd_349,house,113,2,349,987,2014-06-24,HR4413,406,1.0
house_113_2nd_354,house,113,2,354,992,2014-06-24,HR3301,408,1.0
house_113_2nd_359,house,113,2,359,997,2014-06-25,HR6,412,1.0
house_113_2nd_368,house,113,2,368,1006,2014-06-26,HR4899,410,1.0
house_113_2nd_370,house,113,2,370,1008,2014-07-08,HR4289,389,1.0
house_113_2nd_402,house,113,2,402,1040,2014-07-10,HR4923,419,1.0
house_113_2nd_404,house,113,2,404,1042,2014-07-11,HR4718,414,1.0
house_113_2nd_406,house,113,2,406,1044,2014-07-14,HR5029,384,1.0
house_113_2nd_405,house,113,2,405,1043,2014-07-14,HR4195,383,1.0
house_113_2nd_414,house,113,2,414,1052,2014-07-15,HR5021,418,1.0
house_113_2nd_427,house,113,2,427,1065,2014-07-16,HR5016,419,1.0
house_113_2nd_432,house,113,2,432,1070,2014-07-17,HR4719,403,1.0
house_113_2nd_441,house,113,2,441,1079,2014-07-23,HR3136,410,1.0
house_113_2nd_449,house,113,2,449,1087,2014-07-24,HR3393,410,1.0
house_113_2nd_446,house,113,2,446,1084,2014-07-24,HR4984,412,1.0
house_113_2nd_454,house,113,2,454,1092,2014-07-25,HR5081,395,1.0
house_113_2nd_451,house,113,2,451,1089,2014-07-25,HR4935,406,1.0
house_113_2nd_455,house,113,2,455,1093,2014-07-28,HR935,398,1.0
house_113_2nd_463,house,113,2,463,1101,2014-07-29,HR4315,419,1.0
house_113_2nd_470,house,113,2,470,1108,2014-07-31,HR935,424,1.0
house_113_2nd_479,house,113,2,479,1117,2014-08-01,HR5272,404,1.0
house_113_2nd_478,house,113,2,478,1116,2014-08-01,HR5230,408,1.0
house_113_2nd_482,house,113,2,482,1120,2014-09-08,HR5019,395,1.0
house_113_2nd_481,house,113,2,481,1119,2014-09-08,HR5089,397,1.0
house_113_2nd_489,house,113,2,489,1127,2014-09-09,HR5078,410,1.0
house_113_2nd_493,house,113,2,493,1131,2014-09-10,HR4751,418,1.0
house_113_2nd_492,house,113,2,492,1130,2014-09-10,HR2678,420,1.0
house_113_2nd_495,house,113,2,495,1133,2014-09-11,HR3522,410,1.0
house_113_2nd_496,house,113,2,496,1134,2014-09-11,HR5161,398,1.0
house_113_2nd_500,house,113,2,500,1138,2014-09-16,S2154,410,1.0
house_113_2nd_503,house,113,2,503,1141,2014-09-16,S1603,419,1.0
house_113_2nd_502,house,113,2,502,1140,2014-09-16,HR5461,420,1.0
house_113_2nd_509,house,113,2,509,1147,2014-09-17,HJRES124,423,1.0
house_113_2nd_505,house,113,2,505,1143,2014-09-17,HR5462,419,1.0
house_113_2nd_506,house,113,2,506,1144,2014-09-17,S476,415,1.0
house_113_2nd_513,house,113,2,513,1151,2014-09-18,HR4,413,1.0
house_113_2nd_515,house,113,2,515,1153,2014-09-18,HR2,414,1.0
house_113_2nd_519,house,113,2,519,1157,2014-11-14,HR5682,410,1.0
house_113_2nd_520,house,113,2,520,1158,2014-11-17,HR5162,377,1.0
house_113_2nd_525,house,113,2,525,1163,2014-11-18,HR1422,417,1.0
house_113_2nd_528,house,113,2,528,1166,2014-11-19,HR4012,424,1.0
house_113_2nd_531,house,113,2,531,1169,2014-11-20,HR4795,407,1.0
house_113_2nd_533,house,113,2,533,1171,2014-12-01,HR3438,384,1.0
house_113_2nd_534,house,113,2,534,1172,2014-12-02,S2040,411,1.0
house_113_2nd_538,house,113,2,538,1176,2014-12-02,HR3240,419,1.0
house_113_2nd_537,house,113,2,537,1175,2014-12-02,HR5739,417,1.0
house_113_2nd_535,house,113,2,535,1173,2014-12-02,HR5050,415,1.0
house_113_2nd_545,house,113,2,545,1183,2014-12-03,HR647,418,1.0
house_113_2nd_544,house,113,2,544,1182,2014-12-03,HR5771,421,1.0
house_113_2nd_541,house,113,2,541,1179,2014-12-03,HR5769,413,1.0
house_113_2nd_550,house,113,2,550,1188,2014-12-04,HR5759,413,1.0
house_113_2nd_553,house,113,2,553,1191,2014-12-09,HR5781,409,1.0
house_113_2nd_555,house,113,2,555,1193,2014-12-10,S1000,413,1.0
house_113_2nd_557,house,113,2,557,1195,2014-12-10,S2244,421,1.0
house_113_2nd_562,house,113,2,562,1200,2014-12-11,HR5806,421,1.0
house_114_1st_7,house,114,1,7,6,2015-01-06,HR22,404,1.0
house_114_1st_9,house,114,1,9,8,2015-01-07,HR37,413,1.0
house_114_1st_10,house,114,1,10,9,2015-01-07,HR23,411,1.0
house_114_1st_8,house,114,1,8,7,2015-01-07,HR26,412,1.0
house_114_1st_14,house,114,1,14,13,2015-01-08,HR30,415,1.0
house_114_1st_16,house,114,1,16,15,2015-01-09,HR3,410,1.0
house_114_1st_18,house,114,1,18,17,2015-01-12,HR33,392,1.0
house_114_1st_17,house,114,1,17,16,2015-01-12,HR203,394,1.0
house_114_1st_28,house,114,1,28,27,2015-01-13,HR185,416,1.0
house_114_1st_37,house,114,1,37,36,2015-01-14,HR37,416,1.0
house_114_1st_35,house,114,1,35,34,2015-01-14,HR240,418,1.0
house_114_1st_41,house,114,1,41,40,2015-01-21,HR161,413,1.0
house_114_1st_45,house,114,1,45,44,2015-01-22,HR7,412,1.0
house_114_1st_48,house,114,1,48,47,2015-01-27,HR246,402,1.0
house_114_1st_47,house,114,1,47,46,2015-01-27,HR469,402,1.0
house_114_1st_50,house,114,1,50,49,2015-01-28,HR351,401,1.0
house_114_1st_53,house,114,1,53,52,2015-02-02,HR623,372,1.0
house_114_1st_51,house,114,1,51,50,2015-02-02,HR361,372,1.0
house_114_1st_52,house,114,1,52,51,2015-02-02,HR615,372,1.0
house_114_1st_58,house,114,1,58,57,2015-02-03,HR596,416,1.0
house_114_1st_64,house,114,1,64,63,2015-02-04,HR50,414,1.0
house_114_1st_68,house,114,1,68,67,2015-02-05,HR527,414,1.0
house_114_1st_70,house,114,1,70,69,2015-02-10,HR720,403,1.0
house_114_1st_69,house,114,1,69,68,2015-02-10,HR719,405,1.0
house_114_1st_76,house,114,1,76,75,2015-02-11,HR431,411,1.0
house_114_1st_75,house,114,1,75,74,2015-02-11,S1,413,1.0
house_114_1st_80,house,114,1,80,79,2015-02-12,HR644,407,1.0
house_114_1st_82,house,114,1,82,81,2015-02-13,HR636,405,1.0
house_114_1st_85,house,114,1,85,84,2015-02-24,HR734,402,1.0
house_114_1st_90,house,114,1,90,89,2015-02-25,HR529,412,1.0
house_114_1st_88,house,114,1,88,87,2015-02-25,HR1020,411,1.0
house_114_1st_104,house,114,1,104,103,2015-02-27,HJRES35,418,1.0
house_114_1st_112,house,114,1,112,111,2015-03-04,HR749,408,1.0
house_114_1st_113,house,114,1,113,112,2015-03-16,HR647,390,1.0
house_114_1st_114,house,114,1,114,113,2015-03-16,HR648,388,1.0
house_114_1st_121,house,114,1,121,120,2015-03-17,HR1029,408,1.0
house_114_1st_125,house,114,1,125,124,2015-03-18,HR1030,407,1.0
house_114_1st_128,house,114,1,128,127,2015-03-19,SJRES8,409,1.0
house_114_1st_144,house,114,1,144,143,2015-03-26,HR2,420,1.0
house_114_1st_147,house,114,1,147,146,2015-04-13,HR1480,392,1.0
house_114_1st_146,house,114,1,146,145,2015-04-13,HR1265,394,1.0
house_114_1st_145,house,114,1,145,144,2015-04-13,HR1259,393,1.0
house_114_1st_151,house,114,1,151,150,2015-04-14,HR650,416,1.0
house_114_1st_152,house,114,1,152,151,2015-04-14,HR685,417,1.0
house_114_1st_156,house,114,1,156,155,2015-04-15,HR1562,415,1.0
house_114_1st_161,house,114,1,161,160,2015-04-16,HR1105,410,1.0
house_114_1st_159,house,114,1,159,158,2015-04-16,HR622,415,1.0
house_114_1st_167,house,114,1,167,166,2015-04-22,HR1195,409,1.0
house_114_1st_170,house,114,1,170,169,2015-04-22,HR1560,414,1.0
house_114_1st_173,house,114,1,173,172,2015-04-23,HR1731,409,1.0
house_114_1st_175,house,114,1,175,174,2015-04-28,HR1324,402,1.0
house_114_1st_177,house,114,1,177,176,2015-04-29,HR651,414,1.0
house_114_1st_194,house,114,1,194,193,2015-04-30,HJRES43,411,1.0
house_114_1st_183,house,114,1,183,182,2015-04-30,SCONRES11,414,1.0
house_114_1st_193,house,114,1,193,192,2015-04-30,HR2029,409,1.0
house_114_1st_215,house,114,1,215,214,2015-05-01,HR2028,408,1.0
house_114_1st_219,house,114,1,219,218,2015-05-12,HR1732,407,1.0
house_114_1st_216,house,114,1,216,215,2015-05-12,HR606,404,1.0
house_114_1st_223,house,114,1,223,222,2015-05-13,HR36,417,1.0
house_114_1st_224,house,114,1,224,223,2015-05-13,HR2048,417,1.0
house_114_1st_227,house,114,1,227,226,2015-05-14,HR2297,414,1.0
house_114_1st_239,house,114,1,239,238,2015-05-15,HR1735,411,1.0
house_114_1st_241,house,114,1,241,240,2015-05-18,HR1313,396,1.0
house_114_1st_247,house,114,1,247,246,2015-05-19,HR2250,415,1.0
house_114_1st_244,house,114,1,244,243,2015-05-19,S178,414,1.0
house_114_1st_249,house,114,1,249,248,2015-05-19,HR2353,413,1.0
house_114_1st_260,house,114,1,260,259,2015-05-20,HR880,410,1.0
house_114_1st_258,house,114,1,258,257,2015-05-20,HR1806,413,1.0
house_114_1st_262,house,114,1,262,261,2015-05-21,HR2262,408,1.0
house_114_1st_267,house,114,1,267,266,2015-06-01,HR1335,371,1.0
house_114_1st_297,house,114,1,297,296,2015-06-03,HR2578,416,1.0
house_114_1st_309,house,114,1,309,307,2015-06-09,HR2289,408,1.0
house_114_1st_329,house,114,1,329,327,2015-06-09,HR2577,417,1.0
house_114_1st_333,house,114,1,333,331,2015-06-10,HR2393,422,1.0
house_114_1st_358,house,114,1,358,356,2015-06-11,HR2685,419,1.0
house_114_1st_365,house,114,1,365,363,2015-06-15,HR2559,381,1.0
house_114_1st_369,house,114,1,369,367,2015-06-16,HR2596,416,1.0
house_114_1st_375,house,114,1,375,373,2015-06-18,HR160,412,1.0
house_114_1st_376,house,114,1,376,374,2015-06-23,HR1190,389,1.0
house_114_1st_384,house,114,1,384,382,2015-06-24,HR2042,418,1.0
house_114_1st_423,house,114,1,423,421,2015-07-08,HR5,422,1.0
house_114_1st_428,house,114,1,428,426,2015-07-09,HR2647,420,1.0
house_114_1st_433,house,114,1,433,431,2015-07-10,HR6,412,1.0
house_114_1st_436,house,114,1,436,434,2015-07-14,HR2997,414,1.0
house_114_1st_437,house,114,1,437,435,2015-07-14,HR1723,417,1.0
house_114_1st_435,house,114,1,435,433,2015-07-14,HR251,404,1.0
house_114_1st_441,house,114,1,441,439,2015-07-15,HR3038,422,1.0
house_114_1st_447,house,114,1,447,445,2015-07-16,HR2898,412,1.0
house_114_1st_448,house,114,1,448,446,2015-07-21,HR1557,395,1.0
house_114_1st_458,house,114,1,458,456,2015-07-22,HR1734,417,1.0
house_114_1st_462,house,114,1,462,460,2015-07-23,HR1599,417,1.0
house_114_1st_466,house,114,1,466,464,2015-07-23,HR3009,412,1.0
house_114_1st_467,house,114,1,467,465,2015-07-27,S1482,370,1.0
house_114_1st_482,house,114,1,482,480,2015-07-28,HR427,400,1.0
house_114_1st_486,house,114,1,486,484,2015-07-29,HR3236,411,1.0
house_114_1st_489,house,114,1,489,487,2015-07-29,HR1994,418,1.0
house_114_1st_490,house,114,1,490,488,2015-09-08,S1359,381,1.0
house_114_1st_494,house,114,1,494,492,2015-09-11,HR3460,424,1.0
house_114_1st_493,house,114,1,493,491,2015-09-11,HR3461,422,1.0
house_114_1st_501,house,114,1,501,499,2015-09-17,HR758,417,1.0
house_114_1st_506,house,114,1,506,504,2015-09-18,HR3504,416,1.0
house_114_1st_505,house,114,1,505,503,2015-09-18,HR3134,419,1.0
house_114_1st_507,house,114,1,507,505,2015-09-24,HR322,397,1.0
house_114_1st_518,house,114,1,518,516,2015-09-25,HR348,394,1.0
house_114_1st_520,house,114,1,520,518,2015-09-28,HR2786,403,1.0
house_114_1st_524,house,114,1,524,522,2015-09-29,HR3495,420,1.0
house_114_1st_526,house,114,1,526,524,2015-09-30,S2082,414,1.0
house_114_1st_533,house,114,1,533,531,2015-10-01,HR3457,415,1.0
house_114_1st_532,house,114,1,532,530,2015-10-01,HR1735,417,1.0
house_114_1st_534,house,114,1,534,532,2015-10-06,HR1553,402,1.0
house_114_1st_540,house,114,1,540,538,2015-10-07,HR3192,415,1.0
house_114_1st_544,house,114,1,544,542,2015-10-08,HR538,418,1.0
house_114_1st_549,house,114,1,549,547,2015-10-09,HR702,411,1.0
house_114_1st_551,house,114,1,551,549,2015-10-20,HR3350,407,1.0
house_114_1st_559,house,114,1,559,557,2015-10-21,HR10,422,1.0
house_114_1st_557,house,114,1,557,555,2015-10-21,HR692,420,1.0
house_114_1st_565,house,114,1,565,563,2015-10-22,HR1937,422,1.0
house_114_1st_568,house,114,1,568,566,2015-10-23,HR3762,420,1.0
house_114_1st_576,house,114,1,576,574,2015-10-27,HR597,423,1.0
house_114_1st_575,house,114,1,575,573,2015-10-27,HR1090,423,1.0
house_114_1st_582,house,114,1,582,579,2015-11-02,HR1853,384,1.0
house_114_1st_626,house,114,1,626,623,2015-11-16,HR308,401,1.0
house_114_1st_628,house,114,1,628,625,2015-11-16,HR1384,399,1.0
house_114_1st_633,house,114,1,633,630,2015-11-17,HR511,418,1.0
house_114_1st_631,house,114,1,631,628,2015-11-17,HR1694,415,1.0
house_114_1st_637,house,114,1,637,634,2015-11-18,HR1737,420,1.0
house_114_1st_636,house,114,1,636,633,2015-11-18,HR1210,421,1.0
house_114_1st_641,house,114,1,641,638,2015-11-19,HR3189,418,1.0
house_114_1st_643,house,114,1,643,640,2015-11-19,HR4038,418,1.0
house_114_1st_650,house,114,1,650,647,2015-12-01,SJRES24,414,1.0
house_114_1st_649,house,114,1,649,646,2015-12-01,HR4127,414,1.0
house_114_1st_648,house,114,1,648,645,2015-12-01,S1170,415,1.0
house_114_1st_651,house,114,1,651,648,2015-12-01,SJRES23,415,1.0
house_114_1st_665,house,114,1,665,662,2015-12-02,S1177,415,1.0
house_114_1st_673,house,114,1,673,670,2015-12-03,HR22,416,1.0
house_114_1st_672,house,114,1,672,669,2015-12-03,HR8,415,1.0
house_114_1st_686,house,114,1,686,683,2015-12-09,HR2130,421,1.0
house_114_1st_693,house,114,1,693,690,2015-12-11,HR644,405,1.0
house_114_1st_696,house,114,1,696,693,2015-12-16,HR4246,411,1.0
house_114_1st_697,house,114,1,697,694,2015-12-16,S1090,412,1.0
house_114_2nd_20,house,114,2,20,721,2016-01-07,HR1155,410,1.0
house_114_2nd_12,house,114,2,12,713,2016-01-07,HR712,408,1.0
house_114_2nd_33,house,114,2,33,734,2016-01-08,HR1927,390,1.0
house_114_2nd_42,house,114,2,42,743,2016-01-12,HR1644,414,1.0
house_114_2nd_45,house,114,2,45,745,2016-01-13,SJRES22,411,1.0
house_114_2nd_47,house,114,2,47,747,2016-02-01,HR4168,382,1.0
house_114_2nd_54,house,114,2,54,754,2016-02-02,HR3662,418,1.0
house_114_2nd_52,house,114,2,52,752,2016-02-02,HR3700,418,1.0
house_114_2nd_61,house,114,2,61,761,2016-02-03,HR1675,415,1.0
house_114_2nd_63,house,114,2,63,763,2016-02-04,HR766,410,1.0
house_114_2nd_70,house,114,2,70,770,2016-02-10,HR3293,405,1.0
house_114_2nd_76,house,114,2,76,776,2016-02-11,HR3442,409,1.0
house_114_2nd_81,house,114,2,81,781,2016-02-12,HR2017,402,1.0
house_114_2nd_89,house,114,2,89,789,2016-02-25,HR3624,409,1.0
house_114_2nd_101,house,114,2,101,801,2016-02-26,HR2406,394,1.0
house_114_2nd_102,house,114,2,102,802,2016-02-29,HR4238,367,1.0
house_114_2nd_103,house,114,2,103,803,2016-03-01,HR136,372,1.0
house_114_2nd_104,house,114,2,104,804,2016-03-01,HR3735,371,1.0
house_114_2nd_105,house,114,2,105,805,2016-03-02,HR3716,397,1.0
house_114_2nd_109,house,114,2,109,809,2016-03-03,HR4557,392,1.0
house_114_2nd_108,house,114,2,108,808,2016-03-03,S1826,399,1.0
house_114_2nd_111,house,114,2,111,811,2016-03-14,S2426,372,1.0
house_114_2nd_123,house,114,2,123,823,2016-03-15,HR3797,406,1.0
house_114_2nd_116,house,114,2,116,816,2016-03-15,HR2081,405,1.0
house_114_2nd_126,house,114,2,126,826,2016-03-16,HR4434,410,1.0
house_114_2nd_125,house,114,2,125,825,2016-03-16,HR4416,411,1.0
house_114_2nd_124,house,114,2,124,824,2016-03-16,HR4596,402,1.0
house_114_2nd_133,house,114,2,133,833,2016-03-22,HR4742,378,1.0
house_114_2nd_134,house,114,2,134,834,2016-03-22,HR4755,374,1.0
house_114_2nd_137,house,114,2,137,837,2016-03-23,HR2745,398,1.0
house_114_2nd_146,house,114,2,146,846,2016-04-14,HR3340,409,1.0
house_114_2nd_149,house,114,2,149,849,2016-04-14,HR3791,409,1.0
house_114_2nd_152,house,114,2,152,852,2016-04-15,HR2666,405,1.0
house_114_2nd_154,house,114,2,154,854,2016-04-18,S719,378,1.0
house_114_2nd_153,house,114,2,153,853,2016-04-18,HR4570,374,1.0
house_114_2nd_161,house,114,2,161,861,2016-04-20,HR4885,415,1.0
house_114_2nd_160,house,114,2,160,860,2016-04-20,HR1206,415,1.0
house_114_2nd_162,house,114,2,162,862,2016-04-21,HR4890,409,1.0
house_114_2nd_163,house,114,2,163,863,2016-04-21,HR3724,414,1.0
house_114_2nd_165,house,114,2,165,865,2016-04-26,HR4096,389,1.0
house_114_2nd_171,house,114,2,171,871,2016-04-27,HR4498,405,1.0
house_114_2nd_172,house,114,2,172,872,2016-04-27,S1890,403,1.0
house_114_2nd_175,house,114,2,175,875,2016-04-28,HR5019,409,1.0
house_114_2nd_176,house,114,2,176,876,2016-04-28,HJRES88,409,1.0
house_114_2nd_179,house,114,2,179,879,2016-04-29,HR4901,397,1.0
house_114_2nd_180,house,114,2,180,880,2016-05-10,HR4957,394,1.0
house_114_2nd_184,house,114,2,184,884,2016-05-11,HR4641,408,1.0
house_114_2nd_187,house,114,2,187,887,2016-05-12,HR5046,409,1.0
house_114_2nd_193,house,114,2,193,893,2016-05-13,S524,396,1.0
house_114_2nd_207,house,114,2,207,907,2016-05-18,HR5243,417,1.0
house_114_2nd_216,house,114,2,216,916,2016-05-18,HR4909,416,1.0
house_114_2nd_228,house,114,2,228,928,2016-05-19,HR4974,416,1.0
house_114_2nd_237,house,114,2,237,937,2016-05-24,HR897,406,1.0
house_114_2nd_248,house,114,2,248,948,2016-05-25,HR5233,411,1.0
house_114_2nd_250,house,114,2,250,950,2016-05-25,S2012,411,1.0
house_114_2nd_266,house,114,2,266,966,2016-05-26,HR5055,410,1.0
house_114_2nd_271,house,114,2,271,971,2016-06-07,HR4904,360,1.0
house_114_2nd_270,house,114,2,270,970,2016-06-07,HR4906,357,1.0
house_114_2nd_282,house,114,2,282,982,2016-06-08,HR4775,404,1.0
house_114_2nd_288,house,114,2,288,988,2016-06-09,HR5278,417,1.0
house_114_2nd_294,house,114,2,294,994,2016-06-10,HR5325,400,1.0
house_114_2nd_303,house,114,2,303,1003,2016-06-14,HR5053,414,1.0
house_114_2nd_333,house,114,2,333,1033,2016-06-16,HR5471,409,1.0
house_114_2nd_332,house,114,2,332,1032,2016-06-16,HR5293,412,1.0
house_114_2nd_334,house,114,2,334,1034,2016-06-21,HR5525,343,1.0
house_114_2nd_336,house,114,2,336,1036,2016-06-21,HR5389,349,1.0
house_114_2nd_335,house,114,2,335,1035,2016-06-21,HR5388,348,1.0
house_114_2nd_342,house,114,2,342,1042,2016-06-23,HR2577,403,1.0
house_114_2nd_354,house,114,2,354,1054,2016-07-06,S1252,414,1.0
house_114_2nd_351,house,114,2,351,1051,2016-07-06,HR1270,399,1.0
house_114_2nd_376,house,114,2,376,1076,2016-07-07,HR4361,414,1.0
house_114_2nd_398,house,114,2,398,1098,2016-07-07,HR5485,416,1.0
house_114_2nd_399,house,114,2,399,1099,2016-07-08,S524,404,1.0
house_114_2nd_401,house,114,2,401,1101,2016-07-11,HR5602,395,1.0
house_114_2nd_403,house,114,2,403,1103,2016-07-11,HR5606,398,1.0
house_114_2nd_410,house,114,2,410,1110,2016-07-12,HR5658,410,1.0
house_114_2nd_416,house,114,2,416,1116,2016-07-12,HR4768,404,1.0
house_114_2nd_443,house,114,2,443,1143,2016-07-13,S304,419,1.0
house_114_2nd_441,house,114,2,441,1141,2016-07-13,HR5119,417,1.0
house_114_2nd_467,house,114,2,467,1167,2016-07-14,HR5631,417,1.0
house_114_2nd_478,house,114,2,478,1178,2016-07-14,HR4992,419,1.0
house_114_2nd_477,house,114,2,477,1177,2016-07-14,HR5538,419,1.0
house_114_2nd_479,house,114,2,479,1179,2016-09-06,HR5578,392,1.0
house_114_2nd_488,house,114,2,488,1188,2016-09-07,HR5063,408,1.0
house_114_2nd_493,house,114,2,493,1193,2016-09-08,HR2357,408,1.0
house_114_2nd_495,house,114,2,495,1195,2016-09-09,HR5424,399,1.0
house_114_2nd_502,house,114,2,502,1202,2016-09-13,HR3590,401,1.0
house_114_2nd_510,house,114,2,510,1210,2016-09-14,HR5226,413,1.0
house_114_2nd_519,house,114,2,519,1219,2016-09-14,HR5620,418,1.0
house_114_2nd_520,house,114,2,520,1220,2016-09-15,HR5351,411,1.0
house_114_2nd_522,house,114,2,522,1222,2016-09-20,HR5785,395,1.0
house_114_2nd_523,house,114,2,523,1223,2016-09-20,HR5690,396,1.0
house_114_2nd_538,house,114,2,538,1238,2016-09-21,HR6007,417,1.0
house_114_2nd_539,house,114,2,539,1239,2016-09-21,HR5977,417,1.0
house_114_2nd_535,house,114,2,535,1235,2016-09-21,HR3438,416,1.0
house_114_2nd_536,house,114,2,536,1236,2016-09-21,HR5461,417,1.0
house_114_2nd_556,house,114,2,556,1256,2016-09-22,HR5798,406,1.0
house_114_2nd_554,house,114,2,554,1254,2016-09-22,HR5931,409,1.0
house_114_2nd_544,house,114,2,544,1244,2016-09-22,HR5719,403,1.0
house_114_2nd_558,house,114,2,558,1258,2016-09-26,HR5392,349,1.0
house_114_2nd_563,house,114,2,563,1263,2016-09-27,HR954,415,1.0
house_114_2nd_574,house,114,2,574,1274,2016-09-28,HR6094,415,1.0
house_114_2nd_567,house,114,2,567,1267,2016-09-28,S3283,415,1.0
house_114_2nd_572,house,114,2,572,1272,2016-09-28,HR5303,416,1.0
house_114_2nd_577,house,114,2,577,1277,2016-11-15,HR6297,412,1.0
house_114_2nd_585,house,114,2,585,1285,2016-11-17,HR5982,412,1.0
house_114_2nd_587,house,114,2,587,1287,2016-11-17,HR5711,410,1.0
house_114_2nd_588,house,114,2,588,1288,2016-11-29,HR5422,394,1.0
house_114_2nd_593,house,114,2,593,1293,2016-11-30,HR6393,413,1.0
house_114_2nd_591,house,114,2,591,1291,2016-11-30,HR5047,408,1.0
house_114_2nd_599,house,114,2,599,1299,2016-12-01,HR6392,408,1.0
house_114_2nd_600,house,114,2,600,1300,2016-12-02,S2943,401,1.0
house_114_2nd_602,house,114,2,602,1302,2016-12-05,HR6427,387,1.0
house_114_2nd_604,house,114,2,604,1304,2016-12-06,HR6394,409,1.0
house_114_2nd_606,house,114,2,606,1306,2016-12-06,HR6416,413,1.0
house_114_2nd_612,house,114,2,612,1312,2016-12-07,S3028,402,1.0
house_114_2nd_613,house,114,2,613,1313,2016-12-07,HR5143,402,1.0
house_114_2nd_622,house,114,2,622,1322,2016-12-08,S612,413,1.0
house_115_1st_8,house,115,1,8,7,2017-01-04,HR21,422,1.0
house_115_1st_23,house,115,1,23,22,2017-01-05,HR26,423,1.0
house_115_1st_24,house,115,1,24,23,2017-01-09,HR315,405,1.0
house_115_1st_25,house,115,1,25,24,2017-01-09,HR304,404,1.0
house_115_1st_31,house,115,1,31,30,2017-01-10,HR79,417,1.0
house_115_1st_45,house,115,1,45,44,2017-01-11,HR5,421,1.0
house_115_1st_34,house,115,1,34,33,2017-01-11,HR39,403,1.0
house_115_1st_54,house,115,1,54,53,2017-01-12,HR238,421,1.0
house_115_1st_51,house,115,1,51,50,2017-01-12,HR78,427,1.0
house_115_1st_59,house,115,1,59,58,2017-01-13,S84,419,1.0
house_115_1st_61,house,115,1,61,60,2017-01-23,HR582,408,1.0
house_115_1st_60,house,115,1,60,59,2017-01-23,HR423,403,1.0
house_115_1st_65,house,115,1,65,64,2017-01-24,HR7,421,1.0
house_115_1st_66,house,115,1,66,65,2017-01-30,HR374,388,1.0
house_115_1st_72,house,115,1,72,71,2017-02-01,HJRES41,422,1.0
house_115_1st_73,house,115,1,73,72,2017-02-01,HJRES38,422,1.0
house_115_1st_76,house,115,1,76,75,2017-02-02,HJRES37,423,1.0
house_115_1st_77,house,115,1,77,76,2017-02-02,HJRES40,415,1.0
house_115_1st_78,house,115,1,78,77,2017-02-03,HJRES36,412,1.0
house_115_1st_79,house,115,1,79,78,2017-02-06,HR689,410,1.0
house_115_1st_80,house,115,1,80,79,2017-02-06,HR337,407,1.0
house_115_1st_83,house,115,1,83,82,2017-02-07,HJRES44,420,1.0
house_115_1st_85,house,115,1,85,84,2017-02-07,HJRES58,421,1.0
house_115_1st_84,house,115,1,84,83,2017-02-07,HJRES57,424,1.0
house_115_1st_87,house,115,1,87,86,2017-02-13,HR974,407,1.0
house_115_1st_92,house,115,1,92,91,2017-02-14,HR428,421,1.0
house_115_1st_95,house,115,1,95,94,2017-02-15,HJRES67,425,1.0
house_115_1st_97,house,115,1,97,96,2017-02-15,HJRES42,425,1.0
house_115_1st_96,house,115,1,96,95,2017-02-15,HJRES66,424,1.0
house_115_1st_99,house,115,1,99,98,2017-02-16,HJRES43,418,1.0
house_115_1st_98,house,115,1,98,97,2017-02-16,HJRES69,418,1.0
house_115_1st_100,house,115,1,100,99,2017-02-27,HR699,416,1.0
house_115_1st_102,house,115,1,102,101,2017-02-27,HR863,411,1.0
house_115_1st_121,house,115,1,121,120,2017-03-01,HJRES83,422,1.0
house_115_1st_120,house,115,1,120,119,2017-03-01,HR1009,425,1.0
house_115_1st_114,house,115,1,114,113,2017-03-01,HR998,425,1.0
house_115_1st_126,house,115,1,126,125,2017-03-02,HR1004,422,1.0
house_115_1st_127,house,115,1,127,126,2017-03-07,HR1362,413,1.0
house_115_1st_136,house,115,1,136,135,2017-03-08,HR1301,419,1.0
house_115_1st_148,house,115,1,148,147,2017-03-09,HR985,421,1.0
house_115_1st_152,house,115,1,152,151,2017-03-09,HR725,418,1.0
house_115_1st_158,house,115,1,158,157,2017-03-10,HR720,418,1.0
house_115_1st_159,house,115,1,159,158,2017-03-15,HR132,408,1.0
house_115_1st_160,house,115,1,160,159,2017-03-15,HR648,408,1.0
house_115_1st_168,house,115,1,168,167,2017-03-16,HR1259,415,1.0
house_115_1st_169,house,115,1,169,168,2017-03-16,HR1181,415,1.0
house_115_1st_171,house,115,1,171,170,2017-03-17,HR1367,412,1.0
house_115_1st_173,house,115,1,173,172,2017-03-20,HR1294,408,1.0
house_115_1st_181,house,115,1,181,180,2017-03-21,HR1297,415,1.0
house_115_1st_178,house,115,1,178,177,2017-03-21,HR1353,416,1.0
house_115_1st_187,house,115,1,187,186,2017-03-22,HR1238,412,1.0
house_115_1st_186,house,115,1,186,185,2017-03-22,HR1101,411,1.0
house_115_1st_184,house,115,1,184,183,2017-03-22,HR372,423,1.0
house_115_1st_202,house,115,1,202,201,2017-03-28,SJRES34,420,1.0
house_115_1st_206,house,115,1,206,205,2017-03-29,HR1430,422,1.0
house_115_1st_208,house,115,1,208,207,2017-03-30,HR1431,422,1.0
house_115_1st_216,house,115,1,216,215,2017-04-04,HR1343,418,1.0
house_115_1st_220,house,115,1,220,219,2017-04-05,HR1304,416,1.0
house_115_1st_221,house,115,1,221,220,2017-04-06,HR1219,420,1.0
house_115_1st_227,house,115,1,227,226,2017-04-26,HR1695,426,1.0
house_115_1st_233,house,115,1,233,232,2017-04-27,HR1694,425,1.0
house_115_1st_231,house,115,1,231,230,2017-04-27,S496,420,1.0
house_115_1st_236,house,115,1,236,235,2017-04-28,HJRES99,412,1.0
house_115_1st_244,house,115,1,244,243,2017-05-02,HR1180,426,1.0
house_115_1st_242,house,115,1,242,241,2017-05-02,HR1679,419,1.0
house_115_1st_255,house,115,1,255,254,2017-05-04,HR2192,429,1.0
house_115_1st_256,house,115,1,256,255,2017-05-04,HR1628,430,1.0
house_115_1st_262,house,115,1,262,261,2017-05-17,HR1177,419,1.0
house_115_1st_265,house,115,1,265,264,2017-05-18,HR115,414,1.0
house_115_1st_266,house,115,1,266,265,2017-05-18,HR1892,412,1.0
house_115_1st_268,house,115,1,268,267,2017-05-19,HR1039,406,1.0
house_115_1st_269,house,115,1,269,268,2017-05-22,HR1862,402,1.0
house_115_1st_270,house,115,1,270,269,2017-05-22,HR1842,401,1.0
house_115_1st_277,house,115,1,277,276,2017-05-24,HR2052,418,1.0
house_115_1st_282,house,115,1,282,281,2017-05-24,HR953,421,1.0
house_115_1st_278,house,115,1,278,277,2017-05-24,HR467,419,1.0
house_115_1st_284,house,115,1,284,283,2017-05-25,HR1761,419,1.0
house_115_1st_285,house,115,1,285,284,2017-05-25,HR1973,418,1.0
house_115_1st_294,house,115,1,294,293,2017-06-07,HR2213,419,1.0
house_115_1st_299,house,115,1,299,298,2017-06-08,HR10,419,1.0
house_115_1st_300,house,115,1,300,299,2017-06-12,HR2292,401,1.0
house_115_1st_306,house,115,1,306,305,2017-06-13,HR2581,422,1.0
house_115_1st_307,house,115,1,307,306,2017-06-13,S1094,423,1.0
house_115_1st_308,house,115,1,308,307,2017-06-15,HR2579,411,1.0
house_115_1st_309,house,115,1,309,308,2017-06-20,HR2847,399,1.0
house_115_1st_315,house,115,1,315,314,2017-06-21,HR1873,418,1.0
house_115_1st_319,house,115,1,319,318,2017-06-22,HR1654,413,1.0
house_115_1st_322,house,115,1,322,321,2017-06-23,HR2842,411,1.0
house_115_1st_337,house,115,1,337,336,2017-06-28,HR1215,427,1.0
house_115_1st_338,house,115,1,338,337,2017-06-28,HR1500,422,1.0
house_115_1st_342,house,115,1,342,341,2017-06-29,HR3003,422,1.0
house_115_1st_344,house,115,1,344,343,2017-06-29,HR3004,423,1.0
house_115_1st_345,house,115,1,345,344,2017-07-11,HR1397,405,1.0
house_115_1st_349,house,115,1,349,348,2017-07-12,HR1492,417,1.0
house_115_1st_352,house,115,1,352,351,2017-07-12,HR23,419,1.0
house_115_1st_378,house,115,1,378,377,2017-07-14,HR2810,424,1.0
house_115_1st_379,house,115,1,379,378,2017-07-17,HR2210,400,1.0
house_115_1st_380,house,115,1,380,379,2017-07-17,HJRES92,401,1.0
house_115_1st_391,house,115,1,391,390,2017-07-18,HR806,427,1.0
house_115_1st_402,house,115,1,402,401,2017-07-19,HR2910,426,1.0
house_115_1st_398,house,115,1,398,397,2017-07-19,HR2883,428,1.0
house_115_1st_406,house,115,1,406,405,2017-07-20,HR218,426,1.0
house_115_1st_412,house,115,1,412,411,2017-07-25,HJRES111,420,1.0
house_115_1st_413,house,115,1,413,412,2017-07-25,HR3364,421,1.0
house_115_1st_435,house,115,1,435,434,2017-07-27,HR3219,426,1.0
house_115_1st_438,house,115,1,438,437,2017-07-28,S114,413,1.0
house_115_1st_437,house,115,1,437,436,2017-07-28,HR3180,414,1.0
house_115_1st_439,house,115,1,439,438,2017-09-05,HR3110,407,1.0
house_115_1st_485,house,115,1,485,484,2017-09-12,HR2611,389,1.0
house_115_1st_528,house,115,1,528,527,2017-09-14,HR3354,408,1.0
house_115_1st_517,house,115,1,517,516,2017-09-14,HR3697,407,1.0
house_115_1st_530,house,115,1,530,529,2017-09-25,HR3823,415,1.0
house_115_1st_537,house,115,1,537,536,2017-09-26,HR2824,422,1.0
house_115_1st_543,house,115,1,543,542,2017-09-28,HR2792,414,1.0
house_115_1st_542,house,115,1,542,541,2017-09-28,HR3823,418,1.0
house_115_1st_544,house,115,1,544,543,2017-10-02,HR1547,400,1.0
house_115_1st_549,house,115,1,549,548,2017-10-03,HR36,425,1.0
house_115_1st_558,house,115,1,558,557,2017-10-10,HR1858,396,1.0
house_115_1st_559,house,115,1,559,558,2017-10-10,HR2464,394,1.0
house_115_1st_562,house,115,1,562,561,2017-10-11,HR452,417,1.0
house_115_1st_563,house,115,1,563,562,2017-10-11,HR3243,417,1.0
house_115_1st_568,house,115,1,568,567,2017-10-12,S585,419,1.0
house_115_1st_570,house,115,1,570,569,2017-10-23,S504,402,1.0
house_115_1st_580,house,115,1,580,579,2017-10-24,HR732,420,1.0
house_115_1st_588,house,115,1,588,587,2017-10-25,HR469,420,1.0
house_115_1st_591,house,115,1,591,590,2017-10-31,HR2521,394,1.0
house_115_1st_598,house,115,1,598,597,2017-11-01,HR2936,419,1.0
house_115_1st_604,house,115,1,604,603,2017-11-02,HR849,417,1.0
house_115_1st_606,house,115,1,606,605,2017-11-03,HR3922,415,1.0
house_115_1st_608,house,115,1,608,607,2017-11-06,HR1066,398,1.0
house_115_1st_607,house,115,1,607,606,2017-11-06,HR3562,399,1.0
house_115_1st_614,house,115,1,614,613,2017-11-07,HR3441,422,1.0
house_115_1st_615,house,115,1,615,614,2017-11-07,HR3911,420,1.0
house_115_1st_620,house,115,1,620,619,2017-11-08,HR3043,422,1.0
house_115_1st_622,house,115,1,622,621,2017-11-09,HR2201,419,1.0
house_115_1st_631,house,115,1,631,630,2017-11-14,HR2810,425,1.0
house_115_1st_630,house,115,1,630,629,2017-11-14,HR2874,425,1.0
house_115_1st_636,house,115,1,636,635,2017-11-15,HR2672,422,1.0
house_115_1st_637,house,115,1,637,636,2017-11-16,HR1,431,1.0
house_115_1st_638,house,115,1,638,637,2017-11-28,HR2768,408,1.0
house_115_1st_643,house,115,1,643,642,2017-11-30,HR3905,419,1.0
house_115_1st_649,house,115,1,649,648,2017-11-30,HR3017,416,1.0
house_115_1st_648,house,115,1,648,647,2017-11-30,HR4182,416,1.0
house_115_1st_651,house,115,1,651,650,2017-12-01,HR1699,418,1.0
house_115_1st_655,house,115,1,655,654,2017-12-05,HR3731,410,1.0
house_115_1st_661,house,115,1,661,660,2017-12-06,S1266,422,1.0
house_115_1st_663,house,115,1,663,662,2017-12-06,HR38,428,1.0
house_115_1st_670,house,115,1,670,669,2017-12-07,HJRES123,427,1.0
house_115_1st_669,house,115,1,669,668,2017-12-07,HR477,425,1.0
house_115_1st_675,house,115,1,675,674,2017-12-12,HR3971,422,1.0
house_115_1st_680,house,115,1,680,679,2017-12-13,HR1638,423,1.0
house_115_1st_682,house,115,1,682,681,2017-12-14,HR2396,420,1.0
house_115_1st_684,house,115,1,684,683,2017-12-14,HR4324,418,1.0
house_115_1st_694,house,115,1,694,693,2017-12-19,HR3312,417,1.0
house_115_1st_695,house,115,1,695,694,2017-12-19,S1536,418,1.0
house_115_1st_692,house,115,1,692,691,2017-12-19,HR1,429,1.0
house_115_1st_702,house,115,1,702,701,2017-12-20,HR4015,419,1.0
house_115_1st_709,house,115,1,709,708,2017-12-21,HR4667,419,1.0
house_115_1st_710,house,115,1,710,709,2017-12-21,S1532,392,1.0
house_115_1st_706,house,115,1,706,705,2017-12-21,S1393,417,1.0
house_115_2nd_3,house,115,2,3,711,2018-01-09,HR4564,412,1.0
house_115_2nd_4,house,115,2,4,712,2018-01-09,HR4581,415,1.0
house_115_2nd_11,house,115,2,11,719,2018-01-10,S140,411,1.0
house_115_2nd_17,house,115,2,17,725,2018-01-11,HR4578,411,1.0
house_115_2nd_16,house,115,2,16,724,2018-01-11,S139,419,1.0
house_115_2nd_19,house,115,2,19,727,2018-01-16,S117,402,1.0
house_115_2nd_24,house,115,2,24,732,2018-01-17,HR3326,420,1.0
house_115_2nd_32,house,115,2,32,740,2018-01-18,HR2954,426,1.0
house_115_2nd_34,house,115,2,34,742,2018-01-18,HR1660,425,1.0
house_115_2nd_36,house,115,2,36,744,2018-01-19,HR4712,423,1.0
house_115_2nd_56,house,115,2,56,763,2018-02-06,HR772,422,1.0
house_115_2nd_64,house,115,2,64,771,2018-02-08,HR1153,410,1.0
house_115_2nd_66,house,115,2,66,773,2018-02-08,HR4771,418,1.0
house_115_2nd_77,house,115,2,77,784,2018-02-14,HR3978,415,1.0
house_115_2nd_78,house,115,2,78,785,2018-02-14,HR3299,415,1.0
house_115_2nd_80,house,115,2,80,787,2018-02-15,HR620,416,1.0
house_115_2nd_91,house,115,2,91,798,2018-02-27,HR1865,412,1.0
house_115_2nd_89,house,115,2,89,796,2018-02-27,HR4296,413,1.0
house_115_2nd_92,house,115,2,92,799,2018-03-05,HR3183,388,1.0
house_115_2nd_95,house,115,2,95,802,2018-03-06,HR4607,406,1.0
house_115_2nd_99,house,115,2,99,806,2018-03-07,HR1917,413,1.0
house_115_2nd_101,house,115,2,101,808,2018-03-08,HR1119,403,1.0
house_115_2nd_103,house,115,2,103,810,2018-03-13,HR4465,397,1.0
house_115_2nd_102,house,115,2,102,809,2018-03-13,HR5247,398,1.0
house_115_2nd_108,house,115,2,108,815,2018-03-14,HR1116,415,1.0
house_115_2nd_112,house,115,2,112,819,2018-03-15,HR4545,415,1.0
house_115_2nd_110,house,115,2,110,817,2018-03-15,HR4263,415,1.0
house_115_2nd_115,house,115,2,115,822,2018-03-19,HR835,387,1.0
house_115_2nd_119,house,115,2,119,826,2018-03-20,HR4566,413,1.0
house_115_2nd_121,house,115,2,121,828,2018-03-21,HR5247,415,1.0
house_115_2nd_135,house,115,2,135,842,2018-04-11,HR4061,417,1.0
house_115_2nd_137,house,115,2,137,844,2018-04-11,HR4293,418,1.0
house_115_2nd_138,house,115,2,138,845,2018-04-12,HJRES2,416,1.0
house_115_2nd_139,house,115,2,139,846,2018-04-13,HR4790,403,1.0
house_115_2nd_141,house,115,2,141,848,2018-04-16,S167,384,1.0
house_115_2nd_142,house,115,2,142,849,2018-04-17,HR5192,420,1.0
house_115_2nd_146,house,115,2,146,853,2018-04-18,HR5444,413,1.0
house_115_2nd_145,house,115,2,145,852,2018-04-18,HR5445,416,1.0
house_115_2nd_153,house,115,2,153,860,2018-04-25,HR3144,413,1.0
house_115_2nd_165,house,115,2,165,872,2018-04-27,HR4,405,1.0
house_115_2nd_171,house,115,2,171,878,2018-05-08,SJRES57,408,1.0
house_115_2nd_177,house,115,2,177,884,2018-05-09,HR5645,414,1.0
house_115_2nd_175,house,115,2,175,882,2018-05-09,HR2152,417,1.0
house_115_2nd_179,house,115,2,179,886,2018-05-10,HR3053,411,1.0
house_115_2nd_181,house,115,2,181,888,2018-05-15,HR613,377,1.0
house_115_2nd_182,house,115,2,182,889,2018-05-15,HR4854,377,1.0
house_115_2nd_188,house,115,2,188,895,2018-05-16,HR5698,416,1.0
house_115_2nd_187,house,115,2,187,894,2018-05-16,S35,406,1.0
house_115_2nd_189,house,115,2,189,896,2018-05-16,S2372,416,1.0
house_115_2nd_205,house,115,2,205,912,2018-05-18,HR2,410,1.0
house_115_2nd_216,house,115,2,216,923,2018-05-22,S2155,416,1.0
house_115_2nd_214,house,115,2,214,921,2018-05-22,S204,418,1.0
house_115_2nd_230,house,115,2,230,937,2018-05-24,HR5515,416,1.0
house_115_2nd_233,house,115,2,233,940,2018-06-05,HR5655,379,1.0
house_115_2nd_231,house,115,2,231,938,2018-06-05,HR5005,378,1.0
house_115_2nd_238,house,115,2,238,945,2018-06-06,HR8,409,1.0
house_115_2nd_243,house,115,2,243,950,2018-06-07,HR3,415,1.0
house_115_2nd_257,house,115,2,257,964,2018-06-08,HR5895,413,1.0
house_115_2nd_264,house,115,2,264,971,2018-06-13,HR5891,416,1.0
house_115_2nd_263,house,115,2,263,970,2018-06-13,HR5890,408,1.0
house_115_2nd_266,house,115,2,266,973,2018-06-14,HR5735,402,1.0
house_115_2nd_265,house,115,2,265,972,2018-06-14,HR5788,404,1.0
house_115_2nd_268,house,115,2,268,975,2018-06-15,HR2851,380,1.0
house_115_2nd_276,house,115,2,276,983,2018-06-20,HR5797,415,1.0
house_115_2nd_278,house,115,2,278,985,2018-06-20,HR6082,413,1.0
house_115_2nd_284,house,115,2,284,991,2018-06-21,HR2,423,1.0
house_115_2nd_282,house,115,2,282,989,2018-06-21,HR4760,423,1.0
house_115_2nd_288,house,115,2,288,995,2018-06-22,HR6,409,1.0
house_115_2nd_294,house,115,2,294,1001,2018-06-26,HR2083,403,1.0
house_115_2nd_297,house,115,2,297,1004,2018-06-27,HR6136,421,1.0
house_115_2nd_313,house,115,2,313,1020,2018-06-28,HR6157,407,1.0
house_115_2nd_314,house,115,2,314,1021,2018-07-10,HR5793,386,1.0
house_115_2nd_321,house,115,2,321,1028,2018-07-11,HR200,414,1.0
house_115_2nd_325,house,115,2,325,1032,2018-07-12,HR3281,416,1.0
house_115_2nd_326,house,115,2,326,1033,2018-07-12,HR6237,416,1.0
house_115_2nd_328,house,115,2,328,1035,2018-07-13,HR50,397,1.0
house_115_2nd_330,house,115,2,330,1037,2018-07-16,HR4960,367,1.0
house_115_2nd_329,house,115,2,329,1036,2018-07-16,HR4946,367,1.0
house_115_2nd_335,house,115,2,335,1042,2018-07-17,HR4989,411,1.0
house_115_2nd_365,house,115,2,365,1072,2018-07-19,HR6147,415,1.0
house_115_2nd_372,house,115,2,372,1079,2018-07-24,HR184,414,1.0
house_115_2nd_377,house,115,2,377,1084,2018-07-25,HR6199,418,1.0
house_115_2nd_376,house,115,2,376,1083,2018-07-25,HR6311,417,1.0
house_115_2nd_379,house,115,2,379,1086,2018-07-26,HR5515,412,1.0
house_115_2nd_381,house,115,2,381,1088,2018-09-04,HR6439,390,1.0
house_115_2nd_385,house,115,2,385,1092,2018-09-05,HR1635,409,1.0
house_115_2nd_392,house,115,2,392,1099,2018-09-06,HR4606,405,1.0
house_115_2nd_393,house,115,2,393,1100,2018-09-07,HR6691,398,1.0
house_115_2nd_396,house,115,2,396,1103,2018-09-12,HR4689,378,1.0
house_115_2nd_399,house,115,2,399,1106,2018-09-13,HR5895,396,1.0
house_115_2nd_400,house,115,2,400,1107,2018-09-25,HR6368,394,1.0
house_115_2nd_408,house,115,2,408,1115,2018-09-26,HR6729,420,1.0
house_115_2nd_405,house,115,2,405,1112,2018-09-26,HR6157,421,1.0
house_115_2nd_412,house,115,2,412,1119,2018-09-27,HR6756,415,1.0
house_115_2nd_411,house,115,2,411,1118,2018-09-27,HR6757,416,1.0
house_115_2nd_414,house,115,2,414,1121,2018-09-28,HR6760,410,1.0
house_115_2nd_416,house,115,2,416,1123,2018-11-13,HR6064,388,1.0
house_115_2nd_420,house,115,2,420,1127,2018-11-16,HR6784,375,1.0
house_115_2nd_424,house,115,2,424,1131,2018-11-29,HR7187,394,1.0
house_115_2nd_427,house,115,2,427,1134,2018-12-10,HR3008,384,1.0
house_115_2nd_428,house,115,2,428,1135,2018-12-11,HR7217,409,1.0
house_115_2nd_430,house,115,2,430,1137,2018-12-11,S825,404,1.0
house_115_2nd_429,house,115,2,429,1136,2018-12-11,S3029,407,1.0
house_115_2nd_434,house,115,2,434,1141,2018-12-12,HR2,414,1.0
house_115_2nd_441,house,115,2,441,1148,2018-12-19,HR7279,359,1.0
house_115_2nd_440,house,115,2,440,1147,2018-12-19,HR7327,361,1.0
house_115_2nd_439,house,115,2,439,1146,2018-12-19,S2278,359,1.0
house_115_2nd_444,house,115,2,444,1151,2018-12-19,S1520,359,1.0
house_115_2nd_445,house,115,2,445,1152,2018-12-19,S3530,357,1.0
house_115_2nd_438,house,115,2,438,1145,2018-12-19,S2076,362,1.0
house_115_2nd_452,house,115,2,452,1159,2018-12-20,S2896,389,1.0
house_115_2nd_453,house,115,2,453,1160,2018-12-20,S2961,388,1.0
house_115_2nd_463,house,115,2,463,1170,2018-12-20,S2322,390,1.0
house_115_2nd_465,house,115,2,465,1172,2018-12-20,S3444,386,1.0
house_115_2nd_451,house,115,2,451,1158,2018-12-20,HR7093,389,1.0
house_115_2nd_466,house,115,2,466,1173,2018-12-20,S3777,387,1.0
house_115_2nd_458,house,115,2,458,1165,2018-12-20,S2765,387,1.0
house_115_2nd_461,house,115,2,461,1168,2018-12-20,S2200,386,1.0
house_115_2nd_454,house,115,2,454,1161,2018-12-20,S2679,388,1.0
house_115_2nd_473,house,115,2,473,1180,2018-12-20,HR6602,389,1.0
house_115_2nd_457,house,115,2,457,1164,2018-12-20,S2652,390,1.0
house_115_2nd_449,house,115,2,449,1156,2018-12-20,HR7328,374,1.0
house_115_2nd_460,house,115,2,460,1167,2018-12-20,S7,388,1.0
house_115_2nd_496,house,115,2,496,1203,2018-12-21,S3456,368,1.0
house_115_2nd_497,house,115,2,497,1204,2018-12-21,HR7388,372,1.0
house_115_2nd_485,house,115,2,485,1192,2018-12-21,S3277,374,1.0
house_115_2nd_482,house,115,2,482,1189,2018-12-21,S3191,380,1.0
house_115_2nd_490,house,115,2,490,1197,2018-12-21,S1580,366,1.0
house_115_2nd_493,house,115,2,493,1200,2018-12-21,S512,369,1.0
house_115_2nd_492,house,115,2,492,1199,2018-12-21,S3247,368,1.0
house_115_2nd_488,house,115,2,488,1195,2018-12-21,S1023,373,1.0
house_115_2nd_500,house,115,2,500,1207,2018-12-21,S3628,361,1.0
house_115_2nd_479,house,115,2,479,1186,2018-12-21,HR7293,379,1.0
house_115_2nd_478,house,115,2,478,1185,2018-12-21,S3367,381,1.0
house_115_2nd_475,house,115,2,475,1182,2018-12-21,HR7318,372,1.0
house_115_2nd_477,house,115,2,477,1184,2018-12-21,HR7329,378,1.0
house_115_2nd_481,house,115,2,481,1188,2018-12-21,S3031,382,1.0
house_115_2nd_491,house,115,2,491,1198,2018-12-21,S1862,368,1.0
house_115_2nd_476,house,115,2,476,1183,2018-12-21,HR7319,371,1.0
house_115_2nd_480,house,115,2,480,1187,2018-12-21,S2276,382,1.0
house_115_2nd_494,house,115,2,494,1201,2018-12-21,S1934,371,1.0
house_115_2nd_489,house,115,2,489,1196,2018-12-21,S1158,369,1.0
house_116_1st_9,house,116,1,9,8,2019-01-03,HJRES1,431,1.0
house_116_1st_11,house,116,1,11,10,2019-01-03,HR21,431,1.0
house_116_1st_14,house,116,1,14,13,2019-01-08,HR251,417,1.0
house_116_1st_13,house,116,1,13,12,2019-01-08,HR269,418,1.0
house_116_1st_18,house,116,1,18,17,2019-01-09,HR226,425,1.0
house_116_1st_21,house,116,1,21,20,2019-01-09,HR264,428,1.0
house_116_1st_23,house,116,1,23,22,2019-01-10,HR267,424,1.0
house_116_1st_25,house,116,1,25,24,2019-01-10,HR265,426,1.0
house_116_1st_29,house,116,1,29,28,2019-01-11,HR221,412,1.0
house_116_1st_28,house,116,1,28,27,2019-01-11,S24,418,1.0
house_116_1st_27,house,116,1,27,26,2019-01-11,HR266,419,1.0
house_116_1st_30,house,116,1,30,29,2019-01-14,HR116,405,1.0
house_116_1st_31,house,116,1,31,30,2019-01-15,HJRES27,424,1.0
house_116_1st_33,house,116,1,33,32,2019-01-15,HR135,424,1.0
house_116_1st_36,house,116,1,36,35,2019-01-16,HR190,421,1.0
house_116_1st_39,house,116,1,39,38,2019-01-16,HR268,424,1.0
house_116_1st_41,house,116,1,41,40,2019-01-17,HR150,422,1.0
house_116_1st_42,house,116,1,42,41,2019-01-17,HJRES30,415,1.0
house_116_1st_44,house,116,1,44,43,2019-01-22,HR676,379,1.0
house_116_1st_45,house,116,1,45,44,2019-01-22,HR328,380,1.0
house_116_1st_46,house,116,1,46,45,2019-01-23,HJRES28,413,1.0
house_116_1st_49,house,116,1,49,48,2019-01-23,HR648,414,1.0
house_116_1st_51,house,116,1,51,50,2019-01-24,HJRES31,411,1.0
house_116_1st_52,house,116,1,52,51,2019-01-28,HR624,416,1.0
house_116_1st_53,house,116,1,53,52,2019-01-28,HR502,415,1.0
house_116_1st_57,house,116,1,57,56,2019-01-29,HR449,424,1.0
house_116_1st_58,house,116,1,58,57,2019-01-29,HR769,426,1.0
house_116_1st_56,house,116,1,56,55,2019-01-29,HR428,425,1.0
house_116_1st_64,house,116,1,64,63,2019-01-30,HR790,420,1.0
house_116_1st_67,house,116,1,67,66,2019-02-06,HR66,421,1.0
house_116_1st_66,house,116,1,66,65,2019-02-06,HR831,423,1.0
house_116_1st_71,house,116,1,71,70,2019-02-07,HR507,415,1.0
house_116_1st_75,house,116,1,75,74,2019-02-08,HR840,409,1.0
house_116_1st_76,house,116,1,76,75,2019-02-11,HR1065,380,1.0
house_116_1st_83,house,116,1,83,82,2019-02-13,HJRES37,425,1.0
house_116_1st_87,house,116,1,87,86,2019-02-14,HJRES31,428,1.0
house_116_1st_88,house,116,1,88,87,2019-02-25,HR539,403,1.0
house_116_1st_89,house,116,1,89,88,2019-02-25,HR276,406,1.0
house_116_1st_94,house,116,1,94,93,2019-02-26,HJRES46,427,1.0
house_116_1st_95,house,116,1,95,94,2019-02-26,S47,425,1.0
house_116_1st_99,house,116,1,99,98,2019-02-27,HR8,430,1.0
house_116_1st_103,house,116,1,103,102,2019-02-28,HR1112,426,1.0
house_116_1st_105,house,116,1,105,104,2019-03-05,S49,417,1.0
house_116_1st_104,house,116,1,104,103,2019-03-05,HR1381,416,1.0
house_116_1st_118,house,116,1,118,117,2019-03-08,HR1,427,1.0
house_116_1st_119,house,116,1,119,118,2019-03-11,HR1122,409,1.0
house_116_1st_128,house,116,1,128,127,2019-03-26,HR1388,425,1.0
house_116_1st_129,house,116,1,129,128,2019-03-26,HR297,424,1.0
house_116_1st_134,house,116,1,134,133,2019-03-27,HR7,429,1.0
house_116_1st_142,house,116,1,142,141,2019-04-02,HR540,421,1.0
house_116_1st_156,house,116,1,156,155,2019-04-04,HR1585,421,1.0
house_116_1st_151,house,116,1,151,150,2019-04-04,HR829,423,1.0
house_116_1st_153,house,116,1,153,152,2019-04-04,SJRES7,422,1.0
house_116_1st_158,house,116,1,158,157,2019-04-08,HR1331,385,1.0
house_116_1st_167,house,116,1,167,166,2019-04-10,HR1644,422,1.0
house_116_1st_168,house,116,1,168,167,2019-04-29,HR91,414,1.0
house_116_1st_170,house,116,1,170,169,2019-04-30,HR1876,412,1.0
house_116_1st_184,house,116,1,184,183,2019-05-02,HR9,421,1.0
house_116_1st_186,house,116,1,186,185,2019-05-07,HR1704,416,1.0
house_116_1st_196,house,116,1,196,195,2019-05-09,HR986,413,1.0
house_116_1st_202,house,116,1,202,201,2019-05-10,HR2157,407,1.0
house_116_1st_208,house,116,1,208,207,2019-05-15,HR375,419,1.0
house_116_1st_207,house,116,1,207,206,2019-05-15,HR312,421,1.0
house_116_1st_209,house,116,1,209,208,2019-05-15,HR1892,415,1.0
house_116_1st_214,house,116,1,214,213,2019-05-16,HR987,417,1.0
house_116_1st_217,house,116,1,217,216,2019-05-17,HR5,409,1.0
house_116_1st_228,house,116,1,228,227,2019-05-22,HR1500,422,1.0
house_116_1st_231,house,116,1,231,230,2019-05-23,HR1994,420,1.0
house_116_1st_233,house,116,1,233,232,2019-06-03,HR2940,412,1.0
house_116_1st_240,house,116,1,240,239,2019-06-04,HR6,424,1.0
house_116_1st_243,house,116,1,243,242,2019-06-10,HR2539,397,1.0
house_116_1st_242,house,116,1,242,241,2019-06-10,HR542,398,1.0
house_116_1st_248,house,116,1,248,247,2019-06-11,HR2609,419,1.0
house_116_1st_367,house,116,1,367,366,2019-06-19,HR2740,429,1.0
house_116_1st_414,house,116,1,414,413,2019-06-25,HR3401,425,1.0
house_116_1st_408,house,116,1,408,407,2019-06-25,HR3055,421,1.0
house_116_1st_424,house,116,1,424,423,2019-06-26,HR3351,420,1.0
house_116_1st_428,house,116,1,428,427,2019-06-27,HR2722,409,1.0
house_116_1st_433,house,116,1,433,432,2019-07-09,HR2409,419,1.0
house_116_1st_473,house,116,1,473,472,2019-07-12,HR2500,416,1.0
house_116_1st_475,house,116,1,475,474,2019-07-15,HR2744,414,1.0
house_116_1st_492,house,116,1,492,491,2019-07-17,HR3494,427,1.0
house_116_1st_486,house,116,1,486,485,2019-07-17,SJRES36,427,1.0
house_116_1st_488,house,116,1,488,487,2019-07-17,SJRES38,426,1.0
house_116_1st_487,house,116,1,487,486,2019-07-17,SJRES37,427,1.0
house_116_1st_496,house,116,1,496,495,2019-07-18,HR582,429,1.0
house_116_1st_505,house,116,1,505,504,2019-07-24,HR397,432,1.0
house_116_1st_507,house,116,1,507,506,2019-07-24,HR3239,427,1.0
house_116_1st_514,house,116,1,514,513,2019-07-25,HR549,429,1.0
house_116_1st_511,house,116,1,511,510,2019-07-25,HR3877,432,1.0
house_116_1st_516,house,116,1,516,515,2019-09-09,HR1768,408,1.0
house_116_1st_525,house,116,1,525,524,2019-09-11,HR1941,426,1.0
house_116_1st_521,house,116,1,521,520,2019-09-11,HR205,427,1.0
house_116_1st_530,house,116,1,530,529,2019-09-12,HR1146,417,1.0
house_116_1st_535,house,116,1,535,534,2019-09-18,HR4285,417,1.0
house_116_1st_538,house,116,1,538,537,2019-09-19,HR4378,423,1.0
house_116_1st_540,house,116,1,540,539,2019-09-20,HR1423,410,1.0
house_116_1st_546,house,116,1,546,545,2019-09-25,HR2203,423,1.0
house_116_1st_552,house,116,1,552,551,2019-09-26,HR3525,413,1.0
house_116_1st_553,house,116,1,553,552,2019-09-27,SJRES54,409,1.0
house_116_1st_554,house,116,1,554,553,2019-09-27,HR3722,403,1.0
house_116_1st_557,house,116,1,557,556,2019-10-15,HR95,407,1.0
house_116_1st_560,house,116,1,560,559,2019-10-16,HJRES77,414,1.0
house_116_1st_564,house,116,1,564,563,2019-10-17,HR1815,414,1.0
house_116_1st_567,house,116,1,567,566,2019-10-18,HR3624,409,1.0
house_116_1st_570,house,116,1,570,569,2019-10-21,HR4407,396,1.0
house_116_1st_577,house,116,1,577,576,2019-10-22,HR2513,421,1.0
house_116_1st_583,house,116,1,583,582,2019-10-23,HR4617,407,1.0
house_116_1st_597,house,116,1,597,596,2019-10-30,HR2181,418,1.0
house_116_1st_602,house,116,1,602,601,2019-10-30,HR1373,420,1.0
house_116_1st_609,house,116,1,609,608,2019-10-31,HR823,408,1.0
house_116_1st_613,house,116,1,613,612,2019-11-13,HR499,422,1.0
house_116_1st_612,house,116,1,612,611,2019-11-13,HR3537,424,1.0
house_116_1st_624,house,116,1,624,623,2019-11-15,HR4863,418,1.0
house_116_1st_630,house,116,1,630,629,2019-11-19,HR5084,415,1.0
house_116_1st_636,house,116,1,636,635,2019-11-20,S2710,416,1.0
house_116_1st_635,house,116,1,635,634,2019-11-20,S1838,417,1.0
house_116_1st_642,house,116,1,642,641,2019-11-21,HR1309,408,1.0
house_116_1st_649,house,116,1,649,648,2019-12-05,HR2534,422,1.0
house_116_1st_654,house,116,1,654,653,2019-12-06,HR4,414,1.0
house_116_1st_655,house,116,1,655,654,2019-12-09,HR4761,393,1.0
house_116_1st_656,house,116,1,656,655,2019-12-09,HR4739,392,1.0
house_116_1st_667,house,116,1,667,666,2019-12-10,HR729,412,1.0
house_116_1st_674,house,116,1,674,673,2019-12-11,HR5038,424,1.0
house_116_1st_672,house,116,1,672,671,2019-12-11,S1790,424,1.0
house_116_1st_682,house,116,1,682,681,2019-12-12,HR3,421,1.0
house_116_1st_687,house,116,1,687,686,2019-12-17,HR722,409,1.0
house_116_1st_701,house,116,1,701,700,2019-12-19,HR5430,425,1.0
house_116_1st_700,house,116,1,700,699,2019-12-19,HR5377,423,1.0
house_116_2nd_13,house,116,2,13,712,2020-01-10,HR535,404,1.0
house_116_2nd_21,house,116,2,21,720,2020-01-15,HR1230,414,1.0
house_116_2nd_22,house,116,2,22,721,2020-01-16,HJRES76,409,1.0
house_116_2nd_31,house,116,2,31,730,2020-01-29,HR3621,408,1.0
house_116_2nd_32,house,116,2,32,731,2020-01-29,S3201,406,1.0
house_116_2nd_37,house,116,2,37,736,2020-02-05,HR2382,413,1.0
house_116_2nd_36,house,116,2,36,735,2020-02-05,HR4031,416,1.0
house_116_2nd_50,house,116,2,50,749,2020-02-06,HR2474,416,1.0
house_116_2nd_54,house,116,2,54,753,2020-02-07,HR5687,396,1.0
house_116_2nd_69,house,116,2,69,768,2020-02-12,HR2546,412,1.0
house_116_2nd_70,house,116,2,70,769,2020-02-13,HJRES79,413,1.0
house_116_2nd_72,house,116,2,72,771,2020-02-26,HR4852,410,1.0
house_116_2nd_78,house,116,2,78,777,2020-02-28,HR2339,406,1.0
house_116_2nd_86,house,116,2,86,785,2020-03-04,HR6074,415,1.0
house_116_2nd_90,house,116,2,90,789,2020-03-05,HR1140,399,1.0
house_116_2nd_98,house,116,2,98,797,2020-03-11,HR6172,412,1.0
house_116_2nd_101,house,116,2,101,800,2020-03-11,SJRES68,411,1.0
house_116_2nd_97,house,116,2,97,796,2020-03-11,S760,410,1.0
house_116_2nd_109,house,116,2,109,808,2020-05-15,HR6800,405,1.0
house_116_2nd_110,house,116,2,110,809,2020-05-27,S3744,410,1.0
house_116_2nd_119,house,116,2,119,818,2020-06-25,HR7120,413,1.0
house_116_2nd_122,house,116,2,122,821,2020-06-26,HR51,408,1.0
house_116_2nd_124,house,116,2,124,823,2020-06-29,HR1425,409,1.0
house_116_2nd_128,house,116,2,128,827,2020-06-29,HR7301,408,1.0
house_116_2nd_126,house,116,2,126,825,2020-06-29,HR5332,409,1.0
house_116_2nd_129,house,116,2,129,828,2020-06-29,HJRES90,405,1.0
house_116_2nd_138,house,116,2,138,837,2020-07-01,HR2,417,1.0
house_116_2nd_152,house,116,2,152,851,2020-07-21,HR6395,415,1.0
house_116_2nd_166,house,116,2,166,865,2020-07-24,HR7608,408,1.0
house_116_2nd_167,house,116,2,167,866,2020-07-27,S2163,365,1.0
house_116_2nd_172,house,116,2,172,871,2020-07-29,HR7327,406,1.0
house_116_2nd_171,house,116,2,171,870,2020-07-29,HR7027,407,1.0
house_116_2nd_178,house,116,2,178,877,2020-07-31,HR7617,409,1.0
house_116_2nd_182,house,116,2,182,881,2020-08-22,HR8015,402,1.0
house_116_2nd_184,house,116,2,184,883,2020-09-14,S2193,400,1.0
house_116_2nd_189,house,116,2,189,888,2020-09-15,HR2639,410,1.0
house_116_2nd_192,house,116,2,192,891,2020-09-16,HR2574,415,1.0
house_116_2nd_195,house,116,2,195,894,2020-09-17,HR2694,398,1.0
house_116_2nd_198,house,116,2,198,897,2020-09-22,HR8337,411,1.0
house_116_2nd_206,house,116,2,206,905,2020-09-24,HR4447,401,1.0
house_116_2nd_210,house,116,2,210,909,2020-09-30,HR6270,411,1.0
house_116_2nd_220,house,116,2,220,919,2020-11-16,S3147,389,1.0
house_116_2nd_219,house,116,2,219,918,2020-11-16,S327,396,1.0
house_116_2nd_227,house,116,2,227,926,2020-11-20,HR8294,381,1.0
house_116_2nd_233,house,116,2,233,932,2020-12-04,S2981,383,1.0
house_116_2nd_235,house,116,2,235,934,2020-12-04,HR3884,386,1.0
house_116_2nd_238,house,116,2,238,937,2020-12-08,HR6395,407,1.0
house_116_2nd_240,house,116,2,240,939,2020-12-09,HR8900,404,1.0
house_116_2nd_241,house,116,2,241,940,2020-12-09,HR5758,392,1.0
house_116_2nd_242,house,116,2,242,941,2020-12-10,S906,383,1.0
house_116_2nd_244,house,116,2,244,943,2020-12-16,S2216,374,1.0
house_116_2nd_246,house,116,2,246,945,2020-12-18,S979,381,1.0
house_116_2nd_247,house,116,2,247,946,2020-12-18,HJRES107,374,1.0
house_116_2nd_248,house,116,2,248,947,2020-12-20,HJRES110,388,1.0
house_116_2nd_252,house,116,2,252,951,2020-12-28,HR9051,402,1.0
house_117_1st_9,house,117,1,9,8,2021-01-05,HR22,354,1.0
house_117_1st_18,house,117,1,18,17,2021-01-21,HR335,343,1.0
house_117_1st_31,house,117,1,31,30,2021-02-05,HR447,359,1.0
house_117_1st_32,house,117,1,32,31,2021-02-23,HR208,360,1.0
house_117_1st_37,house,117,1,37,36,2021-02-24,HR1192,368,1.0
house_117_1st_36,house,117,1,36,35,2021-02-24,HR546,365,1.0
house_117_1st_39,house,117,1,39,38,2021-02-25,HR5,370,1.0
house_117_1st_45,house,117,1,45,44,2021-02-26,HR803,366,1.0
house_117_1st_49,house,117,1,49,48,2021-02-27,HR1319,370,1.0
house_117_1st_60,house,117,1,60,59,2021-03-03,HR1280,371,1.0
house_117_1st_62,house,117,1,62,61,2021-03-03,HR1,370,1.0
house_117_1st_70,house,117,1,70,69,2021-03-09,HR842,371,1.0
house_117_1st_77,house,117,1,77,76,2021-03-11,HR1446,368,1.0
house_117_1st_75,house,117,1,75,74,2021-03-11,HR8,369,1.0
house_117_1st_81,house,117,1,81,80,2021-03-16,HR485,357,1.0
house_117_1st_86,house,117,1,86,85,2021-03-17,HR1620,357,1.0
house_117_1st_82,house,117,1,82,81,2021-03-17,HJRES17,365,1.0
house_117_1st_93,house,117,1,93,92,2021-03-18,HR1603,360,1.0
house_117_1st_91,house,117,1,91,90,2021-03-18,HR6,364,1.0
house_117_1st_96,house,117,1,96,95,2021-03-19,HR1868,360,1.0
house_117_1st_101,house,117,1,101,100,2021-04-14,S164,361,1.0
house_117_1st_99,house,117,1,99,98,2021-04-14,HR172,359,1.0
house_117_1st_100,house,117,1,100,99,2021-04-14,S578,365,1.0
house_117_1st_113,house,117,1,113,112,2021-04-15,HR1899,357,1.0
house_117_1st_116,house,117,1,116,115,2021-04-15,HR1490,356,1.0
house_117_1st_115,house,117,1,115,114,2021-04-15,HR1487,354,1.0
house_117_1st_111,house,117,1,111,110,2021-04-15,HR1762,360,1.0
house_117_1st_105,house,117,1,105,104,2021-04-15,HR1460,353,1.0
house_117_1st_108,house,117,1,108,107,2021-04-15,HR7,366,1.0
house_117_1st_114,house,117,1,114,113,2021-04-15,HR1502,354,1.0
house_117_1st_109,house,117,1,109,108,2021-04-15,HR941,358,1.0
house_117_1st_110,house,117,1,110,109,2021-04-15,HR446,362,1.0
house_117_1st_119,house,117,1,119,118,2021-04-16,HR1482,359,1.0
house_117_1st_118,house,117,1,118,117,2021-04-16,HR1195,363,1.0
house_117_1st_129,house,117,1,129,128,2021-04-21,HR1573,363,1.0
house_117_1st_127,house,117,1,127,126,2021-04-21,HR1333,365,1.0
house_117_1st_132,house,117,1,132,131,2021-04-22,HR51,363,1.0
house_117_1st_134,house,117,1,134,133,2021-05-11,HR1629,357,1.0
house_117_1st_142,house,117,1,142,141,2021-05-13,HR2877,356,1.0
house_117_1st_141,house,117,1,141,140,2021-05-13,HR2547,360,1.0
house_117_1st_143,house,117,1,143,142,2021-05-14,HR1065,353,1.0
house_117_1st_144,house,117,1,144,143,2021-05-17,HR2911,352,1.0
house_117_1st_145,house,117,1,145,144,2021-05-18,S937,363,1.0
house_117_1st_150,house,117,1,150,149,2021-05-19,HR1629,362,1.0
house_117_1st_154,house,117,1,154,153,2021-05-19,HR3233,364,1.0
house_117_1st_156,house,117,1,156,155,2021-05-20,HR3237,363,1.0
house_117_1st_160,house,117,1,160,159,2021-06-15,HR239,364,1.0
house_117_1st_169,house,117,1,169,168,2021-06-16,HR1187,365,1.0
house_117_1st_170,house,117,1,170,169,2021-06-16,S475,365,1.0
house_117_1st_172,house,117,1,172,171,2021-06-17,HR256,365,1.0
house_117_1st_173,house,117,1,173,172,2021-06-22,HR1374,357,1.0
house_117_1st_180,house,117,1,180,179,2021-06-23,HR2062,361,1.0
house_117_1st_183,house,117,1,183,182,2021-06-24,SJRES13,365,1.0
house_117_1st_182,house,117,1,182,181,2021-06-24,HR1443,364,1.0
house_117_1st_184,house,117,1,184,183,2021-06-24,HR239,363,1.0
house_117_1st_181,house,117,1,181,180,2021-06-24,SJRES15,363,1.0
house_117_1st_185,house,117,1,185,184,2021-06-25,SJRES14,356,1.0
house_117_1st_196,house,117,1,196,195,2021-06-29,HR3005,348,1.0
house_117_1st_195,house,117,1,195,194,2021-06-29,HR2662,346,1.0
house_117_1st_208,house,117,1,208,207,2021-07-01,HR3684,359,1.0
house_117_1st_209,house,117,1,209,208,2021-07-19,HR826,352,1.0
house_117_1st_214,house,117,1,214,213,2021-07-20,HR2668,363,1.0
house_117_1st_217,house,117,1,217,216,2021-07-21,HR2467,361,1.0
house_117_1st_218,house,117,1,218,217,2021-07-22,HR3985,359,1.0
house_117_1st_225,house,117,1,225,224,2021-07-27,S1910,356,1.0
house_117_1st_224,house,117,1,224,223,2021-07-27,S957,361,1.0
house_117_1st_243,house,117,1,243,242,2021-07-28,HR4373,365,1.0
house_117_1st_239,house,117,1,239,238,2021-07-28,HR4346,358,1.0
house_117_1st_247,house,117,1,247,246,2021-07-29,HR4502,363,1.0
house_117_1st_255,house,117,1,255,254,2021-08-23,S325,361,1.0
house_117_1st_256,house,117,1,256,255,2021-08-23,S272,359,1.0
house_117_1st_260,house,117,1,260,259,2021-08-24,HR4,366,1.0
house_117_1st_261,house,117,1,261,260,2021-09-20,HR5293,358,1.0
house_117_1st_262,house,117,1,262,261,2021-09-20,S189,358,1.0
house_117_1st_267,house,117,1,267,266,2021-09-21,HR5305,366,1.0
house_117_1st_265,house,117,1,265,264,2021-09-21,S1828,362,1.0
house_117_1st_293,house,117,1,293,292,2021-09-23,HR4350,365,1.0
house_117_1st_275,house,117,1,275,274,2021-09-23,HR5323,364,1.0
house_117_1st_295,house,117,1,295,294,2021-09-24,HR3755,364,1.0
house_117_1st_298,house,117,1,298,297,2021-09-28,HR4981,361,1.0
house_117_1st_299,house,117,1,299,298,2021-09-28,HR4250,357,1.0
house_117_1st_302,house,117,1,302,301,2021-09-28,S848,357,1.0
house_117_1st_303,house,117,1,303,302,2021-09-28,HR1154,362,1.0
house_117_1st_308,house,117,1,308,307,2021-09-29,HR1204,364,1.0
house_117_1st_310,house,117,1,310,309,2021-09-29,S1301,366,1.0
house_117_1st_313,house,117,1,313,312,2021-10-01,HR5434,353,1.0
house_117_1st_316,house,117,1,316,315,2021-10-19,HR1029,359,1.0
house_117_1st_322,house,117,1,322,321,2021-10-20,HR3635,356,1.0
house_117_1st_331,house,117,1,331,330,2021-10-22,HR3110,360,1.0
house_117_1st_332,house,117,1,332,331,2021-10-25,HR4111,357,1.0
house_117_1st_336,house,117,1,336,335,2021-10-26,HR2119,364,1.0
house_117_1st_337,house,117,1,337,336,2021-10-27,S1502,363,1.0
house_117_1st_339,house,117,1,339,338,2021-10-28,HR5763,355,1.0
house_117_1st_340,house,117,1,340,339,2021-11-01,HR1619,354,1.0
house_117_1st_341,house,117,1,341,340,2021-11-01,HR2758,354,1.0
house_117_1st_351,house,117,1,351,350,2021-11-02,HR4481,352,1.0
house_117_1st_344,house,117,1,344,343,2021-11-02,HR3616,359,1.0
house_117_1st_345,house,117,1,345,344,2021-11-02,S108,362,1.0
house_117_1st_348,house,117,1,348,347,2021-11-02,HR3469,355,1.0
house_117_1st_343,house,117,1,343,342,2021-11-02,HR5221,359,1.0
house_117_1st_353,house,117,1,353,352,2021-11-02,HR4515,359,1.0
house_117_1st_352,house,117,1,352,351,2021-11-02,HR4531,355,1.0
house_117_1st_350,house,117,1,350,349,2021-11-02,HR3462,359,1.0
house_117_1st_342,house,117,1,342,341,2021-11-02,HR1975,358,1.0
house_117_1st_346,house,117,1,346,345,2021-11-02,HR4881,357,1.0
house_117_1st_354,house,117,1,354,353,2021-11-03,S1064,359,1.0
house_117_1st_366,house,117,1,366,365,2021-11-04,HR4660,354,1.0
house_117_1st_358,house,117,1,358,357,2021-11-04,HR3992,361,1.0
house_117_1st_364,house,117,1,364,363,2021-11-04,HR390,358,1.0
house_117_1st_359,house,117,1,359,358,2021-11-04,HR1917,360,1.0
house_117_1st_365,house,117,1,365,364,2021-11-04,HR4679,357,1.0
house_117_1st_363,house,117,1,363,362,2021-11-04,HR2220,355,1.0
house_117_1st_362,house,117,1,362,361,2021-11-04,HR3709,348,1.0
house_117_1st_373,house,117,1,373,372,2021-11-15,S1095,357,1.0
house_117_1st_374,house,117,1,374,373,2021-11-16,S796,356,1.0
house_117_1st_375,house,117,1,375,374,2021-11-16,HR4233,357,1.0
house_117_1st_385,house,117,1,385,384,2021-11-19,HR5376,366,1.0
house_117_1st_387,house,117,1,387,386,2021-11-30,HR4026,360,1.0
house_117_1st_393,house,117,1,393,392,2021-12-01,HR4352,362,1.0
house_117_1st_399,house,117,1,399,398,2021-12-02,HR6119,366,1.0
house_117_1st_404,house,117,1,404,403,2021-12-07,S610,367,1.0
house_117_1st_405,house,117,1,405,404,2021-12-07,S1605,366,1.0
house_117_1st_432,house,117,1,432,431,2021-12-08,HR5695,354,1.0
house_117_1st_411,house,117,1,411,410,2021-12-08,HR5608,360,1.0
house_117_1st_429,house,117,1,429,428,2021-12-08,HR4706,358,1.0
house_117_1st_435,house,117,1,435,434,2021-12-08,HR5982,352,1.0
house_117_1st_409,house,117,1,409,408,2021-12-08,HR5609,357,1.0
house_117_1st_420,house,117,1,420,419,2021-12-08,HR4555,360,1.0
house_117_1st_434,house,117,1,434,433,2021-12-08,HR5961,351,1.0
house_117_1st_408,house,117,1,408,407,2021-12-08,HR5290,360,1.0
house_117_1st_431,house,117,1,431,430,2021-12-08,HR5679,353,1.0
house_117_1st_433,house,117,1,433,432,2021-12-08,HR5705,353,1.0
house_117_1st_430,house,117,1,430,429,2021-12-08,HR5677,350,1.0
house_117_1st_424,house,117,1,424,423,2021-12-08,HR3743,359,1.0
house_117_1st_440,house,117,1,440,439,2021-12-09,HR5314,361,1.0
house_117_1st_448,house,117,1,448,447,2021-12-14,HR5665,364,1.0
house_117_1st_449,house,117,1,449,448,2021-12-15,SJRES33,364,1.0
house_117_2nd_6,house,117,2,6,453,2022-01-12,HR1836,355,1.0
house_117_2nd_10,house,117,2,10,457,2022-01-18,S2959,353,1.0
house_117_2nd_11,house,117,2,11,458,2022-01-19,S452,358,1.0
house_117_2nd_14,house,117,2,14,461,2022-01-20,HR4673,360,1.0
house_117_2nd_15,house,117,2,15,462,2022-02-01,HR5577,353,1.0
house_117_2nd_31,house,117,2,31,478,2022-02-04,HR4521,364,1.0
house_117_2nd_34,house,117,2,34,481,2022-02-07,S583,363,1.0
house_117_2nd_33,house,117,2,33,480,2022-02-07,HR4445,364,1.0
house_117_2nd_40,house,117,2,40,487,2022-02-08,HR2324,362,1.0
house_117_2nd_38,house,117,2,38,485,2022-02-08,HR3076,366,1.0
house_117_2nd_37,house,117,2,37,484,2022-02-08,S566,364,1.0
house_117_2nd_39,house,117,2,39,486,2022-02-08,HR6617,366,1.0
house_117_2nd_45,house,117,2,45,492,2022-02-09,HR2842,347,1.0
house_117_2nd_43,house,117,2,43,490,2022-02-09,HR3485,365,1.0
house_117_2nd_44,house,117,2,44,491,2022-02-09,HR3539,353,1.0
house_117_2nd_46,house,117,2,46,493,2022-02-28,S321,356,1.0
house_117_2nd_57,house,117,2,57,504,2022-03-03,HR3967,362,1.0
house_117_2nd_60,house,117,2,60,507,2022-03-08,HR5681,353,1.0
house_117_2nd_70,house,117,2,70,517,2022-03-09,HR6968,363,1.0
house_117_2nd_77,house,117,2,77,524,2022-03-16,HR6434,355,1.0
house_117_2nd_76,house,117,2,76,523,2022-03-16,HR4380,360,1.0
house_117_2nd_75,house,117,2,75,522,2022-03-16,HR3197,360,1.0
house_117_2nd_78,house,117,2,78,525,2022-03-17,HR7108,364,1.0
house_117_2nd_81,house,117,2,81,528,2022-03-17,HR963,363,1.0
house_117_2nd_82,house,117,2,82,529,2022-03-18,HR2116,358,1.0
house_117_2nd_84,house,117,2,84,531,2022-03-28,S3294,345,1.0
house_117_2nd_87,house,117,2,87,534,2022-03-29,S2629,357,1.0
house_117_2nd_95,house,117,2,95,542,2022-03-30,S2938,358,1.0
house_117_2nd_97,house,117,2,97,544,2022-03-30,S2126,346,1.0
house_117_2nd_92,house,117,2,92,539,2022-03-30,HR5673,359,1.0
house_117_2nd_96,house,117,2,96,543,2022-03-30,S1226,358,1.0
house_117_2nd_90,house,117,2,90,537,2022-03-30,HR5706,357,1.0
house_117_2nd_102,house,117,2,102,549,2022-03-31,HR6833,357,1.0
house_117_2nd_107,house,117,2,107,554,2022-04-01,HR3617,356,1.0
house_117_2nd_123,house,117,2,123,570,2022-04-07,HR3807,358,1.0
house_117_2nd_126,house,117,2,126,573,2022-04-26,S497,348,1.0
house_117_2nd_135,house,117,2,135,582,2022-04-27,HR4133,359,1.0
house_117_2nd_138,house,117,2,138,585,2022-04-27,S812,358,1.0
house_117_2nd_128,house,117,2,128,575,2022-04-27,HR7372,356,1.0
house_117_2nd_137,house,117,2,137,584,2022-04-27,HR4693,361,1.0
house_117_2nd_141,house,117,2,141,588,2022-04-28,S3522,360,1.0
house_117_2nd_145,house,117,2,145,592,2022-05-10,HR7691,358,1.0
house_117_2nd_167,house,117,2,167,614,2022-05-11,HR6386,339,1.0
house_117_2nd_155,house,117,2,155,602,2022-05-11,S1872,352,1.0
house_117_2nd_149,house,117,2,149,596,2022-05-11,HR2499,355,1.0
house_117_2nd_166,house,117,2,166,613,2022-05-11,HR5900,338,1.0
house_117_2nd_165,house,117,2,165,612,2022-05-11,HR700,341,1.0
house_117_2nd_164,house,117,2,164,611,2022-05-11,HR224,343,1.0
house_117_2nd_152,house,117,2,152,599,2022-05-11,S66,353,1.0
house_117_2nd_173,house,117,2,173,620,2022-05-12,HR91,348,1.0
house_117_2nd_172,house,117,2,172,619,2022-05-12,HR903,353,1.0
house_117_2nd_174,house,117,2,174,621,2022-05-12,HR92,342,1.0
house_117_2nd_175,house,117,2,175,622,2022-05-12,HR207,344,1.0
house_117_2nd_176,house,117,2,176,623,2022-05-12,HR209,344,1.0
house_117_2nd_177,house,117,2,177,624,2022-05-12,HR3508,345,1.0
house_117_2nd_182,house,117,2,182,629,2022-05-13,HR5129,348,1.0
house_117_2nd_205,house,117,2,205,652,2022-05-17,HR7375,345,1.0
house_117_2nd_199,house,117,2,199,646,2022-05-17,S1760,341,1.0
house_117_2nd_193,house,117,2,193,640,2022-05-17,HR7309,348,1.0
house_117_2nd_200,house,117,2,200,647,2022-05-17,S2514,345,1.0
house_117_2nd_201,house,117,2,201,648,2022-05-17,HR7500,338,1.0
house_117_2nd_202,house,117,2,202,649,2022-05-17,HR5754,344,1.0
house_117_2nd_198,house,117,2,198,645,2022-05-17,S3527,346,1.0
house_117_2nd_204,house,117,2,204,651,2022-05-17,S2687,342,1.0
house_117_2nd_196,house,117,2,196,643,2022-05-17,HR6871,346,1.0
house_117_2nd_194,house,117,2,194,641,2022-05-17,S2520,350,1.0
house_117_2nd_215,house,117,2,215,662,2022-05-18,HR7335,350,1.0
house_117_2nd_228,house,117,2,228,675,2022-05-18,S2102,351,1.0
house_117_2nd_212,house,117,2,212,659,2022-05-18,S2938,353,1.0
house_117_2nd_220,house,117,2,220,667,2022-05-18,HR7790,355,1.0
house_117_2nd_225,house,117,2,225,672,2022-05-18,S4089,350,1.0
house_117_2nd_211,house,117,2,211,658,2022-05-18,HR6531,355,1.0
house_117_2nd_221,house,117,2,221,668,2022-05-18,HR350,357,1.0
house_117_2nd_218,house,117,2,218,665,2022-05-18,HR7791,355,1.0
house_117_2nd_217,house,117,2,217,664,2022-05-18,HR6064,350,1.0
house_117_2nd_227,house,117,2,227,674,2022-05-18,S2533,351,1.0
house_117_2nd_226,house,117,2,226,673,2022-05-18,HR6052,350,1.0
house_117_2nd_232,house,117,2,232,679,2022-05-19,HR7688,356,1.0
house_117_2nd_234,house,117,2,234,681,2022-06-07,S3823,345,1.0
house_117_2nd_248,house,117,2,248,695,2022-06-08,HR5879,352,1.0
house_117_2nd_249,house,117,2,249,696,2022-06-08,HR7622,353,1.0
house_117_2nd_245,house,117,2,245,692,2022-06-08,HR7910,359,1.0
house_117_2nd_247,house,117,2,247,694,2022-06-08,HR7334,352,1.0
house_117_2nd_251,house,117,2,251,698,2022-06-08,HR7670,353,1.0
house_117_2nd_250,house,117,2,250,697,2022-06-08,HR7664,349,1.0
house_117_2nd_246,house,117,2,246,693,2022-06-08,HR7352,353,1.0
house_117_2nd_252,house,117,2,252,699,2022-06-08,HR7694,354,1.0
house_117_2nd_255,house,117,2,255,702,2022-06-09,HR2377,359,1.0
house_117_2nd_256,house,117,2,256,703,2022-06-13,S3580,347,1.0
house_117_2nd_258,house,117,2,258,705,2022-06-13,HR2020,349,1.0
house_117_2nd_261,house,117,2,261,708,2022-06-14,S4160,357,1.0
house_117_2nd_269,house,117,2,269,716,2022-06-14,HR7211,346,1.0
house_117_2nd_267,house,117,2,267,714,2022-06-14,HR2773,355,1.0
house_117_2nd_275,house,117,2,275,722,2022-06-15,HR2543,355,1.0
house_117_2nd_277,house,117,2,277,724,2022-06-16,HR7606,357,1.0
house_117_2nd_288,house,117,2,288,735,2022-06-22,HR5585,352,1.0
house_117_2nd_286,house,117,2,286,733,2022-06-22,HR7666,353,1.0
house_117_2nd_296,house,117,2,296,743,2022-06-23,HR4176,352,1.0
house_117_2nd_302,house,117,2,302,749,2022-07-12,HR5271,345,1.0
house_117_2nd_307,house,117,2,307,754,2022-07-13,HR6538,358,1.0
house_117_2nd_306,house,117,2,306,753,2022-07-13,HR5274,358,1.0
house_117_2nd_309,house,117,2,309,756,2022-07-13,S3373,359,1.0
house_117_2nd_357,house,117,2,357,804,2022-07-14,HR203,352,1.0
house_117_2nd_350,house,117,2,350,797,2022-07-14,HR7900,359,1.0
house_117_2nd_358,house,117,2,358,805,2022-07-14,HR5659,345,1.0
house_117_2nd_360,house,117,2,360,807,2022-07-15,HR8296,358,1.0
house_117_2nd_362,house,117,2,362,809,2022-07-15,HR8297,358,1.0
house_117_2nd_363,house,117,2,363,810,2022-07-15,HR8351,352,1.0
house_117_2nd_373,house,117,2,373,820,2022-07-19,HR8404,353,1.0
house_117_2nd_375,house,117,2,375,822,2022-07-19,S144,349,1.0
house_117_2nd_378,house,117,2,378,825,2022-07-19,HR7693,348,1.0
house_117_2nd_383,house,117,2,383,830,2022-07-20,HR8294,356,1.0
house_117_2nd_385,house,117,2,385,832,2022-07-21,HR8373,352,1.0
house_117_2nd_391,house,117,2,391,838,2022-07-26,HR7180,349,1.0
house_117_2nd_398,house,117,2,398,845,2022-07-27,HR3771,358,1.0
house_117_2nd_396,house,117,2,396,843,2022-07-27,HR6929,358,1.0
house_117_2nd_400,house,117,2,400,847,2022-07-27,HR4040,357,1.0
house_117_2nd_417,house,117,2,417,864,2022-07-29,S3451,326,1.0
house_117_2nd_410,house,117,2,410,857,2022-07-29,HR1808,359,1.0
house_117_2nd_414,house,117,2,414,861,2022-07-29,HR5118,348,1.0
house_117_2nd_415,house,117,2,415,862,2022-07-29,HR263,343,1.0
house_117_2nd_421,house,117,2,421,868,2022-09-13,S4785,342,1.0
house_117_2nd_430,house,117,2,430,877,2022-09-14,S442,350,1.0
house_117_2nd_429,house,117,2,429,876,2022-09-14,S2293,350,1.0
house_117_2nd_432,house,117,2,432,879,2022-09-15,HR302,354,1.0
house_117_2nd_435,house,117,2,435,882,2022-09-15,HR8326,354,1.0
house_117_2nd_437,house,117,2,437,884,2022-09-15,HR2988,349,1.0
house_117_2nd_438,house,117,2,438,885,2022-09-19,S3895,334,1.0
house_117_2nd_439,house,117,2,439,886,2022-09-19,S3157,340,1.0
house_117_2nd_444,house,117,2,444,891,2022-09-20,S2490,351,1.0
house_117_2nd_448,house,117,2,448,895,2022-09-21,S1098,354,1.0
house_117_2nd_449,house,117,2,449,896,2022-09-21,HR8873,357,1.0
house_117_2nd_452,house,117,2,452,899,2022-09-22,HR8542,354,1.0
house_117_2nd_454,house,117,2,454,901,2022-09-22,HR5768,353,1.0
house_117_2nd_451,house,117,2,451,898,2022-09-22,HR6448,350,1.0
house_117_2nd_453,house,117,2,453,900,2022-09-22,HR4118,352,1.0
house_117_2nd_465,house,117,2,465,912,2022-09-29,S958,346,1.0
house_117_2nd_472,house,117,2,472,919,2022-09-29,HR8463,346,1.0
house_117_2nd_461,house,117,2,461,908,2022-09-29,S4900,350,1.0
house_117_2nd_459,house,117,2,459,906,2022-09-29,HR7780,351,1.0
house_117_2nd_464,house,117,2,464,911,2022-09-29,S2551,348,1.0
house_117_2nd_470,house,117,2,470,917,2022-09-29,S2794,350,1.0
house_117_2nd_463,house,117,2,463,910,2022-09-29,S3470,349,1.0
house_117_2nd_460,house,117,2,460,907,2022-09-29,HR3843,352,1.0
house_117_2nd_477,house,117,2,477,924,2022-09-30,HR8987,356,1.0
house_117_2nd_480,house,117,2,480,927,2022-11-16,S4524,348,1.0
house_117_2nd_483,house,117,2,483,930,2022-11-17,S4359,346,1.0
house_117_2nd_482,house,117,2,482,929,2022-11-17,S3369,347,1.0
house_117_2nd_486,house,117,2,486,933,2022-11-29,S4003,334,1.0
house_117_2nd_490,house,117,2,490,937,2022-11-30,HJRES100,351,1.0
house_117_2nd_499,house,117,2,499,946,2022-12-01,S3115,345,1.0
house_117_2nd_493,house,117,2,493,940,2022-12-01,HR6878,340,1.0
house_117_2nd_492,house,117,2,492,939,2022-12-01,HR3372,351,1.0
house_117_2nd_498,house,117,2,498,945,2022-12-01,S231,347,1.0
house_117_2nd_500,house,117,2,500,947,2022-12-02,HR8876,343,1.0
house_117_2nd_509,house,117,2,509,956,2022-12-06,S2796,343,1.0
house_117_2nd_507,house,117,2,507,954,2022-12-06,S3875,349,1.0
house_117_2nd_510,house,117,2,510,957,2022-12-06,S4834,346,1.0
house_117_2nd_505,house,117,2,505,952,2022-12-06,S4052,351,1.0
house_117_2nd_503,house,117,2,503,950,2022-12-06,HR7946,352,1.0
house_117_2nd_508,house,117,2,508,955,2022-12-06,S3499,349,1.0
house_117_2nd_517,house,117,2,517,964,2022-12-08,S1617,338,1.0
house_117_2nd_526,house,117,2,526,973,2022-12-14,S5230,351,1.0
house_117_2nd_524,house,117,2,524,971,2022-12-14,S3905,349,1.0
house_117_2nd_525,house,117,2,525,972,2022-12-14,S4003,351,1.0
house_117_2nd_530,house,117,2,530,977,2022-12-15,HR1948,346,1.0
house_117_2nd_529,house,117,2,529,976,2022-12-15,HR8393,349,1.0
house_117_2nd_533,house,117,2,533,980,2022-12-21,S5168,338,1.0
house_117_2nd_535,house,117,2,535,982,2022-12-21,S2834,338,1.0
house_117_2nd_538,house,117,2,538,985,2022-12-21,S3308,335,1.0
house_117_2nd_534,house,117,2,534,981,2022-12-21,S4926,338,1.0
house_117_2nd_537,house,117,2,537,984,2022-12-21,S3168,337,1.0
house_117_2nd_532,house,117,2,532,979,2022-12-21,S2333,335,1.0
house_117_2nd_543,house,117,2,543,990,2022-12-22,S5087,342,1.0
house_117_2nd_542,house,117,2,542,989,2022-12-22,S4104,339,1.0
house_117_2nd_541,house,117,2,541,988,2022-12-22,S3773,343,1.0
house_117_2nd_544,house,117,2,544,991,2022-12-22,S989,338,1.0
house_117_2nd_539,house,117,2,539,986,2022-12-22,HR9640,347,1.0
house_117_2nd_545,house,117,2,545,992,2022-12-22,S1402,340,1.0
house_117_2nd_540,house,117,2,540,987,2022-12-22,S1942,346,1.0
house_118_1st_25,house,118,1,25,24,2023-01-09,HR23,293,1.0
house_118_1st_29,house,118,1,29,28,2023-01-11,HR26,292,1.0
house_118_1st_31,house,118,1,31,30,2023-01-12,HR22,290,1.0
house_118_1st_35,house,118,1,35,34,2023-01-25,HR400,287,1.0
house_118_1st_93,house,118,1,93,92,2023-01-27,HR21,289,1.0
house_118_1st_94,house,118,1,94,93,2023-01-30,HR500,281,1.0
house_118_1st_100,house,118,1,100,99,2023-01-31,HR382,292,1.0
house_118_1st_98,house,118,1,98,97,2023-01-31,HR497,292,1.0
house_118_1st_103,house,118,1,103,102,2023-02-01,HR139,288,1.0
house_118_1st_104,house,118,1,104,103,2023-02-01,HJRES7,288,1.0
house_118_1st_116,house,118,1,116,115,2023-02-08,HR185,290,1.0
house_118_1st_119,house,118,1,119,118,2023-02-09,HJRES26,285,1.0
house_118_1st_118,house,118,1,118,117,2023-02-09,HJRES24,284,1.0
house_118_1st_121,house,118,1,121,120,2023-02-27,HR538,279,1.0
house_118_1st_124,house,118,1,124,123,2023-02-28,HJRES30,281,1.0
house_118_1st_131,house,118,1,131,130,2023-03-01,HR347,281,1.0
house_118_1st_142,house,118,1,142,141,2023-03-09,HJRES27,286,1.0
house_118_1st_141,house,118,1,141,140,2023-03-09,HR140,286,1.0
house_118_1st_143,house,118,1,143,142,2023-03-10,S619,284,1.0
house_118_1st_145,house,118,1,145,144,2023-03-22,HR1159,275,1.0
house_118_1st_144,house,118,1,144,143,2023-03-22,HR1093,265,1.0
house_118_1st_148,house,118,1,148,147,2023-03-23,HR406,285,1.0
house_118_1st_161,house,118,1,161,160,2023-03-24,HR5,285,1.0
house_118_1st_163,house,118,1,163,162,2023-03-27,HR1154,280,1.0
house_118_1st_182,house,118,1,182,181,2023-03-30,HR1,290,1.0
house_118_1st_188,house,118,1,188,187,2023-04-19,HJRES42,284,1.0
house_118_1st_192,house,118,1,192,191,2023-04-20,HR734,287,1.0
house_118_1st_200,house,118,1,200,199,2023-04-26,HR1339,285,1.0
house_118_1st_199,house,118,1,199,198,2023-04-26,HR2811,292,1.0
house_118_1st_202,house,118,1,202,201,2023-04-28,HJRES39,286,1.0
house_118_1st_204,house,118,1,204,203,2023-05-09,HR1715,276,1.0
house_118_1st_203,house,118,1,203,202,2023-05-09,HR676,279,1.0
house_118_1st_209,house,118,1,209,208,2023-05-11,HR2,293,1.0
house_118_1st_211,house,118,1,211,210,2023-05-11,HR1163,292,1.0
house_118_1st_213,house,118,1,213,212,2023-05-15,HR3089,281,1.0
house_118_1st_222,house,118,1,222,221,2023-05-17,HR3091,292,1.0
house_118_1st_225,house,118,1,225,224,2023-05-17,HR2494,292,1.0
house_118_1st_232,house,118,1,232,231,2023-05-23,SJRES11,286,1.0
house_118_1st_234,house,118,1,234,233,2023-05-24,HJRES45,285,1.0
house_118_1st_237,house,118,1,237,236,2023-05-25,HR467,287,1.0
house_118_1st_243,house,118,1,243,242,2023-05-31,HR3746,293,1.0
house_118_1st_252,house,118,1,252,251,2023-06-13,HJRES44,291,1.0
house_118_1st_255,house,118,1,255,254,2023-06-13,HR1615,289,1.0
house_118_1st_265,house,118,1,265,264,2023-06-14,HR277,292,1.0
house_118_1st_268,house,118,1,268,267,2023-06-14,HR1640,291,1.0
house_118_1st_271,house,118,1,271,270,2023-06-15,HR288,291,1.0
house_118_1st_273,house,118,1,273,272,2023-06-20,HR3672,272,1.0
house_118_1st_282,house,118,1,282,281,2023-06-21,HR3799,289,1.0
house_118_1st_289,house,118,1,289,288,2023-06-23,HR3564,281,1.0
house_118_1st_291,house,118,1,291,290,2023-07-11,HR1096,275,1.0
house_118_1st_328,house,118,1,328,327,2023-07-14,HR2670,290,1.0
house_118_1st_329,house,118,1,329,328,2023-07-17,S111,270,1.0
house_118_1st_333,house,118,1,333,332,2023-07-18,HJRES68,279,1.0
house_118_1st_337,house,118,1,337,336,2023-07-18,HJRES79,285,1.0
house_118_1st_335,house,118,1,335,334,2023-07-18,HJRES74,287,1.0
house_118_1st_334,house,118,1,334,333,2023-07-18,HJRES70,284,1.0
house_118_1st_336,house,118,1,336,335,2023-07-18,HJRES71,285,1.0
house_118_1st_340,house,118,1,340,339,2023-07-19,HR3941,288,1.0
house_118_1st_364,house,118,1,364,363,2023-07-20,HR3935,281,1.0
house_118_1st_382,house,118,1,382,381,2023-07-27,SJRES24,290,1.0
house_118_1st_380,house,118,1,380,379,2023-07-27,HR4366,291,1.0
house_118_1st_381,house,118,1,381,380,2023-07-27,SJRES9,289,1.0
house_118_1st_387,house,118,1,387,386,2023-09-13,HR3324,282,1.0
house_118_1st_391,house,118,1,391,390,2023-09-14,HR1435,278,1.0
house_118_1st_393,house,118,1,393,392,2023-09-18,S475,274,1.0
house_118_1st_399,house,118,1,399,398,2023-09-19,S112,287,1.0
house_118_1st_505,house,118,1,505,504,2023-09-28,HR4367,292,1.0
house_118_1st_503,house,118,1,503,502,2023-09-28,HR5692,292,1.0
house_118_1st_507,house,118,1,507,506,2023-09-28,HR4368,292,1.0
house_118_1st_502,house,118,1,502,501,2023-09-28,HR4365,292,1.0
house_118_1st_500,house,118,1,500,499,2023-09-28,HR4665,292,1.0
house_118_1st_511,house,118,1,511,510,2023-09-29,HR5525,292,1.0
house_118_1st_514,house,118,1,514,513,2023-10-02,HR2379,257,1.0
house_118_1st_558,house,118,1,558,553,2023-10-26,HR4394,274,1.0
house_118_1st_563,house,118,1,563,558,2023-11-01,HR4364,275,1.0
house_118_1st_577,house,118,1,577,572,2023-11-02,HR6126,283,1.0
house_118_1st_597,house,118,1,597,592,2023-11-03,HR4821,279,1.0
house_118_1st_600,house,118,1,600,595,2023-11-06,HR359,257,1.0
house_118_1st_644,house,118,1,644,639,2023-11-13,HR593,274,1.0
house_118_1st_689,house,118,1,689,684,2023-11-30,HR5283,286,1.0
house_118_1st_687,house,118,1,687,682,2023-11-30,HR5961,285,1.0
house_118_1st_690,house,118,1,690,685,2023-12-01,SJRES32,282,1.0
house_118_1st_701,house,118,1,701,696,2023-12-06,HR5933,277,1.0
house_118_1st_703,house,118,1,703,698,2023-12-06,HR4468,279,1.0
house_118_1st_705,house,118,1,705,700,2023-12-07,HJRES88,269,1.0
house_118_1st_709,house,118,1,709,704,2023-12-11,HR6503,261,1.0
house_118_1st_712,house,118,1,712,707,2023-12-12,S788,284,1.0
house_118_1st_717,house,118,1,717,712,2023-12-12,HR357,283,1.0
house_118_1st_718,house,118,1,718,713,2023-12-13,HR1147,288,1.0
house_118_2nd_8,house,118,2,8,726,2024-01-11,SJRES38,272,1.0
house_118_2nd_7,house,118,2,7,725,2024-01-11,HR788,272,1.0
house_118_2nd_10,house,118,2,10,728,2024-01-12,HJRES98,252,1.0
house_118_2nd_17,house,118,2,17,735,2024-01-18,HR6918,284,1.0
house_118_2nd_14,house,118,2,14,732,2024-01-18,S3250,280,1.0
house_118_2nd_19,house,118,2,19,737,2024-01-18,HR6914,282,1.0
house_118_2nd_21,house,118,2,21,739,2024-01-29,S3427,266,1.0
house_118_2nd_25,house,118,2,25,743,2024-01-30,HR5585,285,1.0
house_118_2nd_27,house,118,2,27,745,2024-01-31,HR6678,286,1.0
house_118_2nd_28,house,118,2,28,746,2024-01-31,HR6679,284,1.0
house_118_2nd_29,house,118,2,29,747,2024-01-31,HR2754,282,1.0
house_118_2nd_31,house,118,2,31,749,2024-02-01,HR6976,283,1.0
house_118_2nd_38,house,118,2,38,756,2024-02-06,HR7217,289,1.0
house_118_2nd_40,house,118,2,40,758,2024-02-07,HR485,281,1.0
house_118_2nd_52,house,118,2,52,770,2024-02-15,HR7176,284,1.0
house_118_2nd_58,house,118,2,58,776,2024-02-29,HR7463,281,1.0
house_118_2nd_57,house,118,2,57,775,2024-02-29,HR7102,280,1.0
house_118_2nd_59,house,118,2,59,777,2024-02-29,HR7454,281,1.0
house_118_2nd_65,house,118,2,65,783,2024-03-06,HR3821,282,1.0
house_118_2nd_66,house,118,2,66,784,2024-03-07,HR7511,283,1.0
house_118_2nd_67,house,118,2,67,785,2024-03-07,HR3843,283,1.0
house_118_2nd_78,house,118,2,78,796,2024-03-08,HR2799,279,1.0
house_118_2nd_84,house,118,2,84,802,2024-03-12,HR6276,280,1.0
house_118_2nd_93,house,118,2,93,811,2024-03-20,HR1121,278,1.0
house_118_2nd_95,house,118,2,95,813,2024-03-20,HR6009,276,1.0
house_118_2nd_101,house,118,2,101,819,2024-03-21,HR7023,280,1.0
house_118_2nd_104,house,118,2,104,822,2024-03-22,HR1023,275,1.0
house_118_2nd_109,house,118,2,109,827,2024-04-10,HR3250,277,1.0
house_118_2nd_110,house,118,2,110,828,2024-04-11,S382,278,1.0
house_118_2nd_119,house,118,2,119,837,2024-04-12,HR7888,280,1.0
house_118_2nd_132,house,118,2,132,850,2024-04-16,HR3033,284,1.0
house_118_2nd_128,house,118,2,128,846,2024-04-16,HR5917,283,1.0
house_118_2nd_137,house,118,2,137,855,2024-04-17,HR6046,282,1.0
house_118_2nd_138,house,118,2,138,856,2024-04-17,HR4691,281,1.0
house_118_2nd_139,house,118,2,139,857,2024-04-17,HR5947,281,1.0
house_118_2nd_136,house,118,2,136,854,2024-04-17,HR4639,280,1.0
house_118_2nd_140,house,118,2,140,858,2024-04-17,HR6323,280,1.0
house_118_2nd_151,house,118,2,151,869,2024-04-20,HR8035,284,1.0
house_118_2nd_145,house,118,2,145,863,2024-04-20,HR8038,282,1.0
house_118_2nd_146,house,118,2,146,864,2024-04-20,HR8036,283,1.0
house_118_2nd_152,house,118,2,152,870,2024-04-20,HR8034,285,1.0
house_118_2nd_167,house,118,2,167,885,2024-04-30,HR615,279,1.0
house_118_2nd_160,house,118,2,160,878,2024-04-30,HR4016,277,1.0
house_118_2nd_155,house,118,2,155,873,2024-04-30,HR529,273,1.0
house_118_2nd_169,house,118,2,169,887,2024-04-30,HR764,279,1.0
house_118_2nd_165,house,118,2,165,883,2024-04-30,HR3397,278,1.0
house_118_2nd_171,house,118,2,171,889,2024-04-30,HR3195,279,1.0
house_118_2nd_172,house,118,2,172,890,2024-05-01,HR6090,276,1.0
house_118_2nd_174,house,118,2,174,892,2024-05-01,HR6285,279,1.0
house_118_2nd_178,house,118,2,178,896,2024-05-06,HR7525,248,1.0
house_118_2nd_179,house,118,2,179,897,2024-05-07,HR3354,264,1.0
house_118_2nd_186,house,118,2,186,904,2024-05-07,HR7423,266,1.0
house_118_2nd_184,house,118,2,184,902,2024-05-07,HR6192,271,1.0
house_118_2nd_193,house,118,2,193,911,2024-05-08,HR7109,273,1.0
house_118_2nd_187,house,118,2,187,905,2024-05-08,HR8289,275,1.0
house_118_2nd_189,house,118,2,189,907,2024-05-08,HJRES109,275,1.0
house_118_2nd_191,house,118,2,191,909,2024-05-08,HR2925,276,1.0
house_118_2nd_196,house,118,2,196,914,2024-05-14,S546,260,1.0
house_118_2nd_206,house,118,2,206,924,2024-05-15,HR4310,271,1.0
house_118_2nd_208,house,118,2,208,926,2024-05-15,HR6960,274,1.0
house_118_2nd_201,house,118,2,201,919,2024-05-15,HR7530,269,1.0
house_118_2nd_204,house,118,2,204,922,2024-05-15,HR7343,274,1.0
house_118_2nd_203,house,118,2,203,921,2024-05-15,HR7581,273,1.0
house_118_2nd_213,house,118,2,213,931,2024-05-16,HR354,271,1.0
house_118_2nd_217,house,118,2,217,935,2024-05-16,HR8369,274,1.0
house_118_2nd_215,house,118,2,215,933,2024-05-16,HR8146,275,1.0
house_118_2nd_226,house,118,2,226,944,2024-05-22,HR4763,278,1.0
house_118_2nd_230,house,118,2,230,948,2024-05-23,HR5403,274,1.0
house_118_2nd_232,house,118,2,232,950,2024-05-23,HR192,274,1.0
house_118_2nd_234,house,118,2,234,952,2024-06-03,HR6983,245,1.0
house_118_2nd_242,house,118,2,242,960,2024-06-04,HR8282,269,1.0
house_118_2nd_247,house,118,2,247,965,2024-06-05,HR8580,272,1.0
house_118_2nd_248,house,118,2,248,966,2024-06-11,HR6543,270,1.0
house_118_2nd_252,house,118,2,252,970,2024-06-12,S138,276,1.0
house_118_2nd_279,house,118,2,279,997,2024-06-14,HR8070,274,1.0
house_118_2nd_333,house,118,2,333,1051,2024-06-28,HR8752,274,1.0
house_118_2nd_331,house,118,2,331,1049,2024-06-28,HR8774,274,1.0
house_118_2nd_335,house,118,2,335,1053,2024-06-28,HR8771,271,1.0
house_118_2nd_337,house,118,2,337,1055,2024-07-08,HR5441,252,1.0
house_118_2nd_341,house,118,2,341,1059,2024-07-09,HR7637,267,1.0
house_118_2nd_343,house,118,2,343,1061,2024-07-09,HR7700,268,1.0
house_118_2nd_345,house,118,2,345,1063,2024-07-10,HR8281,277,1.0
house_118_2nd_354,house,118,2,354,1072,2024-07-11,HJRES165,274,1.0
house_118_2nd_352,house,118,2,352,1070,2024-07-11,HR8772,277,1.0
house_118_2nd_356,house,118,2,356,1074,2024-07-22,S3249,232,1.0
house_118_2nd_361,house,118,2,361,1079,2024-07-23,S3706,269,1.0
house_118_2nd_362,house,118,2,362,1080,2024-07-23,S227,266,1.0
house_118_2nd_399,house,118,2,399,1117,2024-07-24,HR8998,271,1.0
house_118_2nd_401,house,118,2,401,1119,2024-09-09,HR1157,256,1.0
house_118_2nd_408,house,118,2,408,1126,2024-09-10,HR1516,269,1.0
house_118_2nd_411,house,118,2,411,1129,2024-09-11,HR1425,276,1.0
house_118_2nd_415,house,118,2,415,1133,2024-09-11,HR9456,275,1.0
house_118_2nd_413,house,118,2,413,1131,2024-09-11,HR1398,275,1.0
house_118_2nd_417,house,118,2,417,1135,2024-09-12,HR7980,267,1.0
house_118_2nd_419,house,118,2,419,1137,2024-09-17,S2861,259,1.0
house_118_2nd_431,house,118,2,431,1149,2024-09-18,HR9494,281,1.0
house_118_2nd_427,house,118,2,427,1145,2024-09-18,HR5339,282,1.0
house_118_2nd_428,house,118,2,428,1146,2024-09-18,HR5179,280,1.0
house_118_2nd_425,house,118,2,425,1143,2024-09-18,HR1513,275,1.0
house_118_2nd_429,house,118,2,429,1147,2024-09-18,HR7909,282,1.0
house_118_2nd_435,house,118,2,435,1153,2024-09-19,HR4790,276,1.0
house_118_2nd_433,house,118,2,433,1151,2024-09-19,HR3724,273,1.0
house_118_2nd_438,house,118,2,438,1156,2024-09-20,HJRES136,265,1.0
house_118_2nd_437,house,118,2,437,1155,2024-09-20,HR5717,263,1.0
house_118_2nd_440,house,118,2,440,1158,2024-09-23,S2228,252,1.0
house_118_2nd_442,house,118,2,442,1160,2024-09-23,S3764,252,1.0
house_118_2nd_445,house,118,2,445,1163,2024-09-24,HR3208,278,1.0
house_118_2nd_448,house,118,2,448,1166,2024-09-24,HR8790,278,1.0
house_118_2nd_446,house,118,2,446,1164,2024-09-24,HR8057,275,1.0
house_118_2nd_454,house,118,2,454,1172,2024-09-25,HR8205,274,1.0
house_118_2nd_450,house,118,2,450,1168,2024-09-25,HR9747,280,1.0
house_118_2nd_452,house,118,2,452,1170,2024-09-25,HR3334,274,1.0
house_118_2nd_457,house,118,2,457,1175,2024-11-12,HR5342,256,1.0
house_118_2nd_456,house,118,2,456,1174,2024-11-12,HR82,260,1.0
house_118_2nd_464,house,118,2,464,1182,2024-11-14,HR7409,265,1.0
house_118_2nd_462,house,118,2,462,1180,2024-11-14,HR8446,262,1.0
house_118_2nd_465,house,118,2,465,1183,2024-11-15,HR8932,248,1.0
house_118_2nd_473,house,118,2,473,1191,2024-11-19,HR1449,271,1.0
house_118_2nd_477,house,118,2,477,1195,2024-11-21,HR9495,263,1.0
house_118_2nd_489,house,118,2,489,1207,2024-12-05,HR7198,262,1.0
house_118_2nd_486,house,118,2,486,1204,2024-12-05,HR9600,257,1.0
house_118_2nd_492,house,118,2,492,1210,2024-12-06,HR5349,253,1.0
house_118_2nd_497,house,118,2,497,1215,2024-12-10,HR7673,269,1.0
house_118_2nd_496,house,118,2,496,1214,2024-12-10,S3613,270,1.0
house_118_2nd_499,house,118,2,499,1217,2024-12-11,HR9716,265,1.0
house_118_2nd_501,house,118,2,501,1219,2024-12-12,S4199,265,1.0
house_118_2nd_503,house,118,2,503,1221,2024-12-16,S3998,253,1.0
house_118_2nd_504,house,118,2,504,1222,2024-12-16,S141,257,1.0
house_118_2nd_505,house,118,2,505,1223,2024-12-16,S4077,252,1.0
house_118_2nd_509,house,118,2,509,1227,2024-12-17,HR115,267,1.0
house_118_2nd_510,house,118,2,510,1228,2024-12-17,S3448,269,1.0
house_118_2nd_512,house,118,2,512,1230,2024-12-18,S1351,262,1.0
house_118_2nd_513,house,118,2,513,1231,2024-12-18,S3857,263,1.0
house_118_2nd_515,house,118,2,515,1233,2024-12-18,S759,258,1.0
house_118_2nd_516,house,118,2,516,1234,2024-12-19,HR10515,262,1.0
house_118_2nd_517,house,118,2,517,1235,2024-12-20,HR10545,256,1.0
house_119_1st_6,house,119,1,6,5,2025-01-07,HR29,236,1.0
house_119_1st_7,house,119,1,7,6,2025-01-09,HR23,207,1.0
house_119_1st_8,house,119,1,8,7,2025-01-13,HR192,229,1.0
house_119_1st_9,house,119,1,9,8,2025-01-13,HR152,230,1.0
house_119_1st_10,house,119,1,10,9,2025-01-14,HR153,242,1.0
house_119_1st_12,house,119,1,12,11,2025-01-14,HR28,241,1.0
house_119_1st_15,house,119,1,15,14,2025-01-15,HR33,238,1.0
house_119_1st_14,house,119,1,14,13,2025-01-15,HR144,238,1.0
house_119_1st_13,house,119,1,13,12,2025-01-15,HR164,235,1.0
house_119_1st_17,house,119,1,17,16,2025-01-16,HR30,235,1.0
house_119_1st_18,house,119,1,18,17,2025-01-21,HR186,230,1.0
house_119_1st_23,house,119,1,23,22,2025-01-22,S5,236,1.0
house_119_1st_22,house,119,1,22,21,2025-01-22,HR165,233,1.0
house_119_1st_24,house,119,1,24,23,2025-01-23,HR375,237,1.0
house_119_1st_25,house,119,1,25,24,2025-01-23,HR471,238,1.0
house_119_1st_27,house,119,1,27,26,2025-01-23,HR21,237,1.0
house_119_1st_29,house,119,1,29,28,2025-02-04,HR776,233,1.0
house_119_1st_28,house,119,1,28,27,2025-02-04,HR43,230,1.0
house_119_1st_33,house,119,1,33,32,2025-02-06,HR27,237,1.0
house_119_1st_35,house,119,1,35,34,2025-02-07,HR26,233,1.0
house_119_1st_37,house,119,1,37,36,2025-02-10,HR736,231,1.0
house_119_1st_41,house,119,1,41,40,2025-02-12,HR77,238,1.0
house_119_1st_42,house,119,1,42,41,2025-02-13,HR35,237,1.0
house_119_1st_44,house,119,1,44,43,2025-02-24,HR832,229,1.0
house_119_1st_45,house,119,1,45,44,2025-02-24,HR818,229,1.0
house_119_1st_43,house,119,1,43,42,2025-02-24,HR825,226,1.0
house_119_1st_48,house,119,1,48,47,2025-02-25,HR788,244,1.0
house_119_1st_49,house,119,1,49,48,2025-02-25,HR804,239,1.0
house_119_1st_52,house,119,1,52,51,2025-02-26,HJRES35,241,1.0
house_119_1st_53,house,119,1,53,52,2025-02-27,HJRES20,239,1.0
house_119_1st_54,house,119,1,54,53,2025-03-03,HR856,237,1.0
house_119_1st_55,house,119,1,55,54,2025-03-03,HR758,237,1.0
house_119_1st_59,house,119,1,59,58,2025-03-05,HJRES42,241,1.0
house_119_1st_58,house,119,1,58,57,2025-03-05,HJRES61,234,1.0
house_119_1st_61,house,119,1,61,60,2025-03-06,SJRES11,241,1.0
house_119_1st_63,house,119,1,63,62,2025-03-10,HR495,229,1.0
house_119_1st_65,house,119,1,65,64,2025-03-10,HR993,238,1.0
house_119_1st_64,house,119,1,64,63,2025-03-10,HR901,236,1.0
house_119_1st_68,house,119,1,68,67,2025-03-11,HR1156,238,1.0
house_119_1st_71,house,119,1,71,70,2025-03-11,HJRES25,240,1.0
house_119_1st_70,house,119,1,70,69,2025-03-11,HR1968,244,1.0
house_119_1st_72,house,119,1,72,71,2025-03-24,HR359,232,1.0
house_119_1st_73,house,119,1,73,72,2025-03-24,HR1326,233,1.0
house_119_1st_74,house,119,1,74,73,2025-03-25,HR1534,241,1.0
house_119_1st_83,house,119,1,83,82,2025-03-27,HR1048,231,1.0
house_119_1st_78,house,119,1,78,77,2025-03-27,HJRES75,229,1.0
house_119_1st_77,house,119,1,77,76,2025-03-27,HJRES24,212,1.0
house_119_1st_96,house,119,1,96,95,2025-04-09,SJRES18,239,1.0
house_119_1st_98,house,119,1,98,97,2025-04-09,HR1526,243,1.0
house_119_1st_95,house,119,1,95,94,2025-04-09,SJRES28,241,1.0
house_119_1st_99,house,119,1,99,98,2025-04-09,HR1228,238,1.0
house_119_1st_102,house,119,1,102,101,2025-04-10,HR22,242,1.0
house_119_1st_103,house,119,1,103,102,2025-04-28,HR973,231,1.0
house_119_1st_104,house,119,1,104,103,2025-04-28,S146,234,1.0
house_119_1st_110,house,119,1,110,109,2025-04-29,HJRES60,239,1.0
house_119_1st_109,house,119,1,109,108,2025-04-29,HR859,238,1.0
house_119_1st_107,house,119,1,107,106,2025-04-29,HR1402,238,1.0
house_119_1st_111,house,119,1,111,110,2025-04-30,HJRES87,234,1.0
house_119_1st_112,house,119,1,112,111,2025-04-30,HJRES89,234,1.0
house_119_1st_114,house,119,1,114,113,2025-05-01,HJRES88,224,1.0
house_119_1st_113,house,119,1,113,112,2025-05-01,HJRES78,227,1.0
house_119_1st_116,house,119,1,116,115,2025-05-05,HR36,214,1.0
house_119_1st_120,house,119,1,120,119,2025-05-07,HR881,235,1.0
house_119_1st_119,house,119,1,119,118,2025-05-07,HR1503,227,1.0
house_119_1st_122,house,119,1,122,121,2025-05-08,HR276,230,1.0
house_119_1st_124,house,119,1,124,123,2025-05-13,HR249,226,1.0
house_119_1st_128,house,119,1,128,127,2025-05-14,HR2243,235,1.0
house_119_1st_125,house,119,1,125,124,2025-05-14,HR2215,229,1.0
house_119_1st_130,house,119,1,130,129,2025-05-15,HR2255,234,1.0
house_119_1st_131,house,119,1,131,130,2025-05-15,HR2240,232,1.0
house_119_1st_132,house,119,1,132,131,2025-05-19,HR1263,214,1.0
house_119_1st_137,house,119,1,137,136,2025-05-20,SJRES13,238,1.0
house_119_1st_136,house,119,1,136,135,2025-05-20,HR1223,236,1.0
house_119_1st_143,house,119,1,143,142,2025-05-22,SJRES31,239,1.0
house_119_1st_145,house,119,1,145,144,2025-05-22,HR1,241,1.0
house_119_1st_147,house,119,1,147,146,2025-06-03,HR1804,229,1.0
house_119_1st_146,house,119,1,146,145,2025-06-03,HR1642,224,1.0
house_119_1st_151,house,119,1,151,150,2025-06-04,HR2483,238,1.0
house_119_1st_155,house,119,1,155,154,2025-06-05,HR2987,231,1.0
house_119_1st_153,house,119,1,153,152,2025-06-05,HR2931,230,1.0
house_119_1st_156,house,119,1,156,155,2025-06-06,HR2966,231,1.0
house_119_1st_157,house,119,1,157,156,2025-06-09,HR2035,216,1.0
house_119_1st_162,house,119,1,162,161,2025-06-10,HR2096,230,1.0
house_119_1st_163,house,119,1,163,162,2025-06-10,HR884,232,1.0
house_119_1st_168,house,119,1,168,167,2025-06-12,HR4,240,1.0
house_119_1st_166,house,119,1,166,165,2025-06-12,S331,239,1.0
house_119_1st_171,house,119,1,171,170,2025-06-12,HR2056,233,1.0
house_119_1st_182,house,119,1,182,181,2025-06-25,HR3944,239,1.0
house_119_1st_184,house,119,1,184,183,2025-06-26,HR275,231,1.0
house_119_1st_183,house,119,1,183,182,2025-06-26,HR875,225,1.0
house_119_1st_193,house,119,1,193,192,2025-07-14,S1596,204,1.0
house_119_1st_191,house,119,1,191,190,2025-07-14,HR1709,204,1.0
house_119_1st_192,house,119,1,192,191,2025-07-14,HR1770,203,1.0
house_119_1st_196,house,119,1,196,195,2025-07-15,HR1717,232,1.0
house_119_1st_201,house,119,1,201,200,2025-07-17,HR1919,241,1.0
house_119_1st_200,house,119,1,200,199,2025-07-17,S1582,241,1.0
house_119_1st_199,house,119,1,199,198,2025-07-17,HR3633,240,1.0
house_119_1st_212,house,119,1,212,211,2025-07-18,HR4016,241,1.0
house_119_1st_225,house,119,1,225,224,2025-09-03,HJRES106,238,1.0
house_119_1st_224,house,119,1,224,223,2025-09-03,HJRES104,237,1.0
house_119_1st_226,house,119,1,226,225,2025-09-03,HJRES105,239,1.0
house_119_1st_239,house,119,1,239,238,2025-09-04,HR4553,239,1.0
house_119_1st_240,house,119,1,240,239,2025-09-08,HR3424,220,1.0
house_119_1st_262,house,119,1,262,261,2025-09-10,HR3838,237,1.0
house_119_1st_264,house,119,1,264,263,2025-09-11,HR3486,236,1.0
house_119_1st_270,house,119,1,270,269,2025-09-16,HR4922,235,1.0
house_119_1st_271,house,119,1,271,270,2025-09-16,HR5140,239,1.0
house_119_1st_275,house,119,1,275,274,2025-09-17,HR5143,239,1.0
house_119_1st_274,house,119,1,274,273,2025-09-17,HR5125,240,1.0
house_119_1st_279,house,119,1,279,278,2025-09-18,HR1047,237,1.0
house_119_1st_278,house,119,1,278,277,2025-09-18,HR3015,237,1.0
house_119_1st_277,house,119,1,277,276,2025-09-18,HR3062,238,1.0
house_119_1st_281,house,119,1,281,280,2025-09-19,HR5371,242,1.0
house_119_1st_287,house,119,1,287,286,2025-11-17,HR2659,229,1.0
house_119_1st_296,house,119,1,296,295,2025-11-18,SJRES80,237,1.0
house_119_1st_295,house,119,1,295,294,2025-11-18,HJRES131,237,1.0
house_119_1st_289,house,119,1,289,288,2025-11-18,HR4405,239,1.0
house_119_1st_294,house,119,1,294,293,2025-11-18,HJRES130,237,1.0
house_119_1st_300,house,119,1,300,299,2025-11-19,HR4058,237,1.0
house_119_1st_299,house,119,1,299,298,2025-11-19,HR5107,236,1.0
house_119_1st_301,house,119,1,301,300,2025-11-19,HR6019,238,1.0
house_119_1st_298,house,119,1,298,297,2025-11-19,HR5214,231,1.0
house_119_1st_304,house,119,1,304,303,2025-11-20,HR1949,222,1.0
house_119_1st_303,house,119,1,303,302,2025-11-20,HR3109,222,1.0
house_119_1st_312,house,119,1,312,311,2025-12-03,HR1005,233,1.0
house_119_1st_311,house,119,1,311,310,2025-12-03,HR4305,232,1.0
house_119_1st_310,house,119,1,310,309,2025-12-03,HR2965,231,1.0
house_119_1st_314,house,119,1,314,313,2025-12-04,HR1049,228,1.0
house_119_1st_313,house,119,1,313,312,2025-12-04,HR1069,227,1.0
house_119_1st_315,house,119,1,315,314,2025-12-09,S356,223,1.0
house_119_1st_320,house,119,1,320,319,2025-12-10,S1071,236,1.0
house_119_1st_332,house,119,1,332,331,2025-12-11,HR2550,237,1.0
house_119_1st_324,house,119,1,324,323,2025-12-11,HR3638,238,1.0
house_119_1st_330,house,119,1,330,329,2025-12-11,HR3898,238,1.0
house_119_1st_323,house,119,1,323,322,2025-12-11,HR3628,237,1.0
house_119_1st_328,house,119,1,328,327,2025-12-11,HR3383,237,1.0
house_119_1st_334,house,119,1,334,333,2025-12-12,HR3668,217,1.0
house_119_1st_335,house,119,1,335,334,2025-12-15,S284,216,1.0
house_119_1st_342,house,119,1,342,341,2025-12-16,HR3632,234,1.0
house_119_1st_340,house,119,1,340,339,2025-12-16,HR4371,235,1.0
house_119_1st_349,house,119,1,349,348,2025-12-17,HR6703,235,1.0
house_119_1st_351,house,119,1,351,350,2025-12-17,HR3492,235,1.0
house_119_1st_347,house,119,1,347,346,2025-12-17,HR3616,236,1.0
house_119_1st_358,house,119,1,358,357,2025-12-18,HR1366,230,1.0
house_119_1st_362,house,119,1,362,361,2025-12-18,HR498,230,1.0
house_119_1st_360,house,119,1,360,359,2025-12-18,HR845,231,1.0
house_119_1st_356,house,119,1,356,355,2025-12-18,HR4776,231,1.0
house_119_2nd_7,house,119,2,7,367,2026-01-08,HR6938,235,1.0
house_119_2nd_11,house,119,2,11,371,2026-01-08,HR1834,236,1.0
house_119_2nd_12,house,119,2,12,372,2026-01-09,HR5184,225,1.0
house_119_2nd_23,house,119,2,23,383,2026-01-13,HR4593,237,1.0
house_119_2nd_19,house,119,2,19,379,2026-01-13,HR2262,237,1.0
house_119_2nd_28,house,119,2,28,388,2026-01-14,HR7006,233,1.0
house_119_2nd_31,house,119,2,31,391,2026-01-15,HR2988,232,1.0
house_119_2nd_32,house,119,2,32,392,2026-01-20,HR5763,217,1.0
house_119_2nd_37,house,119,2,37,397,2026-01-21,HR6945,236,1.0
house_119_2nd_38,house,119,2,38,398,2026-01-21,HJRES140,235,1.0
house_119_2nd_42,house,119,2,42,402,2026-01-22,HR7147,237,1.0
house_119_2nd_47,house,119,2,47,407,2026-01-22,HR6359,238,1.0
house_119_2nd_45,house,119,2,45,405,2026-01-22,HR7148,239,1.0
house_119_2nd_56,house,119,2,56,416,2026-02-04,HJRES142,235,1.0
house_119_2nd_55,house,119,2,55,415,2026-02-04,HR4090,231,1.0
house_119_2nd_67,house,119,2,67,427,2026-02-11,HR261,238,1.0
house_119_2nd_64,house,119,2,64,424,2026-02-11,HR3617,238,1.0
house_119_2nd_65,house,119,2,65,425,2026-02-11,HJRES72,239,1.0
house_119_2nd_69,house,119,2,69,429,2026-02-11,S1383,239,1.0
house_119_2nd_70,house,119,2,70,430,2026-02-12,HR2189,230,1.0
house_119_2nd_72,house,119,2,72,432,2026-02-24,S2503,220,1.0
house_119_2nd_76,house,119,2,76,436,2026-02-24,HR4626,226,1.0
house_119_2nd_71,house,119,2,71,431,2026-02-24,HR6329,194,1.0
house_119_2nd_78,house,119,2,78,438,2026-02-25,HR4758,226,1.0
house_119_2nd_81,house,119,2,81,441,2026-03-04,S723,233,1.0
house_119_2nd_87,house,119,2,87,447,2026-03-05,HR7744,240,1.0
house_119_2nd_89,house,119,2,89,449,2026-03-17,S3971,212,1.0
house_119_2nd_95,house,119,2,95,455,2026-03-18,HJRES139,233,1.0
house_119_2nd_94,house,119,2,94,454,2026-03-18,HR1958,233,1.0
house_119_2nd_93,house,119,2,93,453,2026-03-18,HR556,233,1.0
house_119_2nd_96,house,119,2,96,456,2026-03-19,HR4638,232,1.0
house_119_2nd_101,house,119,2,101,461,2026-03-25,HR5103,236,1.0
house_119_2nd_104,house,119,2,104,464,2026-03-26,HR8029,236,1.0
house_119_2nd_105,house,119,2,105,465,2026-03-27,HR7084,229,1.0
house_119_2nd_109,house,119,2,109,469,2026-04-14,HR1011,225,1.0
house_119_2nd_116,house,119,2,116,476,2026-04-16,HR6409,238,1.0
house_119_2nd_120,house,119,2,120,480,2026-04-16,HR1689,238,1.0
house_119_2nd_118,house,119,2,118,478,2026-04-16,HR6398,238,1.0
house_119_2nd_126,house,119,2,126,486,2026-04-20,HR5200,213,1.0
house_119_2nd_125,house,119,2,125,485,2026-04-20,HR1681,214,1.0
house_119_2nd_127,house,119,2,127,487,2026-04-21,HR5201,224,1.0
house_119_2nd_128,house,119,2,128,488,2026-04-21,HR2493,224,1.0
house_119_2nd_129,house,119,2,129,489,2026-04-21,S1020,224,1.0
house_119_2nd_134,house,119,2,134,494,2026-04-22,HR4690,232,1.0
house_119_2nd_136,house,119,2,136,496,2026-04-22,HR6387,231,1.0
house_119_2nd_137,house,119,2,137,497,2026-04-23,HR5587,230,1.0
house_119_2nd_142,house,119,2,142,502,2026-04-29,S1318,236,1.0
house_119_2nd_154,house,119,2,154,514,2026-04-30,HR7567,234,1.0
house_119_2nd_155,house,119,2,155,515,2026-04-30,S4465,203,1.0
senate_110_1_12,senate,110,1,12,12,2007-01-16,S1,97,1.0
senate_110_1_16,senate,110,1,16,16,2007-01-17,S1,97,1.0
senate_110_1_19,senate,110,1,19,19,2007-01-18,S1,98,1.0
senate_110_1_22,senate,110,1,22,22,2007-01-24,HR2,97,1.0
senate_110_1_23,senate,110,1,23,23,2007-01-24,HR2,97,1.0
senate_110_1_42,senate,110,1,42,42,2007-02-01,HR2,97,1.0
senate_110_1_44,senate,110,1,44,44,2007-02-05,S470,96,1.0
senate_110_1_48,senate,110,1,48,48,2007-02-14,HJRES20,96,1.0
senate_110_1_51,senate,110,1,51,51,2007-02-17,S574,90,1.0
senate_110_1_52,senate,110,1,52,52,2007-02-17,HCONRES67,80,1.0
senate_110_1_53,senate,110,1,53,53,2007-02-27,S4,97,1.0
senate_110_1_68,senate,110,1,68,68,2007-03-09,S4,95,1.0
senate_110_1_69,senate,110,1,69,69,2007-03-09,S4,95,1.0
senate_110_1_73,senate,110,1,73,73,2007-03-13,S4,98,1.0
senate_110_1_74,senate,110,1,74,74,2007-03-14,SJRES9,98,1.0
senate_110_1_75,senate,110,1,75,75,2007-03-15,SJRES9,98,1.0
senate_110_1_81,senate,110,1,81,81,2007-03-20,S214,96,1.0
senate_110_1_117,senate,110,1,117,117,2007-03-28,HR1591,97,1.0
senate_110_1_126,senate,110,1,126,126,2007-03-29,HR1591,98,1.0
senate_110_1_127,senate,110,1,127,127,2007-04-11,S5,97,1.0
senate_110_1_128,senate,110,1,128,128,2007-04-11,S30,98,1.0
senate_110_1_129,senate,110,1,129,129,2007-04-12,S372,97,1.0
senate_110_1_130,senate,110,1,130,130,2007-04-16,S372,81,1.0
senate_110_1_131,senate,110,1,131,131,2007-04-17,S372,95,1.0
senate_110_1_132,senate,110,1,132,132,2007-04-18,S3,97,1.0
senate_110_1_133,senate,110,1,133,133,2007-04-18,S378,96,1.0
senate_110_1_135,senate,110,1,135,135,2007-04-19,S378,97,1.0
senate_110_1_146,senate,110,1,146,146,2007-04-25,S761,96,1.0
senate_110_1_147,senate,110,1,147,147,2007-04-26,HR1591,97,1.0
senate_110_1_150,senate,110,1,150,150,2007-05-03,S1082,91,1.0
senate_110_1_152,senate,110,1,152,152,2007-05-07,S1082,90,1.0
senate_110_1_157,senate,110,1,157,157,2007-05-09,S1082,94,1.0
senate_110_1_162,senate,110,1,162,162,2007-05-10,HR1495,96,1.0
senate_110_1_167,senate,110,1,167,167,2007-05-16,HR1495,96,1.0
senate_110_1_168,senate,110,1,168,168,2007-05-16,HR1495,96,1.0
senate_110_1_169,senate,110,1,169,169,2007-05-16,HR1495,96,1.0
senate_110_1_170,senate,110,1,170,170,2007-05-16,HR1495,95,1.0
senate_110_1_171,senate,110,1,171,171,2007-05-17,HR2206,95,1.0
senate_110_1_172,senate,110,1,172,172,2007-05-17,SCONRES21,92,1.0
senate_110_1_173,senate,110,1,173,173,2007-05-21,S1348,92,1.0
senate_110_1_203,senate,110,1,203,203,2007-06-07,S1348,96,1.0
senate_110_1_204,senate,110,1,204,204,2007-06-07,S1348,95,1.0
senate_110_1_206,senate,110,1,206,206,2007-06-07,S1348,95,1.0
senate_110_1_207,senate,110,1,207,207,2007-06-11,SJRES14,91,1.0
senate_110_1_208,senate,110,1,208,208,2007-06-11,HR6,91,1.0
senate_110_1_223,senate,110,1,223,223,2007-06-21,HR6,93,1.0
senate_110_1_224,senate,110,1,224,224,2007-06-21,HR6,93,1.0
senate_110_1_225,senate,110,1,225,225,2007-06-21,HR6,94,1.0
senate_110_1_226,senate,110,1,226,226,2007-06-21,HR6,92,1.0
senate_110_1_227,senate,110,1,227,227,2007-06-26,HR800,99,1.0
senate_110_1_228,senate,110,1,228,228,2007-06-26,S1639,99,1.0
senate_110_1_235,senate,110,1,235,235,2007-06-28,S1639,99,1.0
senate_110_1_241,senate,110,1,241,241,2007-07-11,HR1585,97,1.0
senate_110_1_272,senate,110,1,272,272,2007-07-20,HR2669,96,1.0
senate_110_1_275,senate,110,1,275,275,2007-07-24,S1642,95,1.0
senate_110_1_276,senate,110,1,276,276,2007-07-24,HJRES44,94,1.0
senate_110_1_284,senate,110,1,284,284,2007-07-26,HR1,93,1.0
senate_110_1_282,senate,110,1,282,282,2007-07-26,HR2638,93,1.0
senate_110_1_285,senate,110,1,285,285,2007-07-30,HR976,80,1.0
senate_110_1_293,senate,110,1,293,293,2007-08-02,S1,97,1.0
senate_110_1_307,senate,110,1,307,307,2007-08-02,HR976,99,1.0
senate_110_1_309,senate,110,1,309,309,2007-08-03,S1927,88,1.0
senate_110_1_310,senate,110,1,310,310,2007-08-03,S2011,88,1.0
senate_110_1_316,senate,110,1,316,316,2007-09-06,HR2642,93,1.0
senate_110_1_325,senate,110,1,325,325,2007-09-06,HR2764,93,1.0
senate_110_1_326,senate,110,1,326,326,2007-09-07,HR2669,91,1.0
senate_110_1_336,senate,110,1,336,336,2007-09-12,HR3074,95,1.0
senate_110_1_338,senate,110,1,338,338,2007-09-18,HR1124,96,1.0
senate_110_1_340,senate,110,1,340,340,2007-09-19,HR1585,99,1.0
senate_110_1_347,senate,110,1,347,347,2007-09-24,HR1495,93,1.0
senate_110_1_350,senate,110,1,350,350,2007-09-27,HR1585,99,1.0
senate_110_1_352,senate,110,1,352,352,2007-09-27,HR976,99,1.0
senate_110_1_354,senate,110,1,354,354,2007-09-27,HJRES43,95,1.0
senate_110_1_355,senate,110,1,355,355,2007-09-27,HJRES52,95,1.0
senate_110_1_357,senate,110,1,357,357,2007-09-27,HR1585,95,1.0
senate_110_1_359,senate,110,1,359,359,2007-10-01,HR1585,95,1.0
senate_110_1_372,senate,110,1,372,372,2007-10-16,HR3093,94,1.0
senate_110_1_391,senate,110,1,391,391,2007-10-23,HR3043,94,1.0
senate_110_1_392,senate,110,1,392,392,2007-10-24,PN2,97,1.0
senate_110_1_394,senate,110,1,394,394,2007-10-24,S2205,96,1.0
senate_110_1_398,senate,110,1,398,398,2007-10-30,S294,92,1.0
senate_110_1_400,senate,110,1,400,400,2007-10-30,S294,92,1.0
senate_110_1_401,senate,110,1,401,401,2007-10-31,HR3963,95,1.0
senate_110_1_402,senate,110,1,402,402,2007-11-01,HR3963,95,1.0
senate_110_1_403,senate,110,1,403,403,2007-11-01,HR3963,94,1.0
senate_110_1_406,senate,110,1,406,406,2007-11-08,HR1495,93,1.0
senate_110_1_409,senate,110,1,409,409,2007-11-14,HR1429,95,1.0
senate_110_1_410,senate,110,1,410,410,2007-11-16,S2340,98,1.0
senate_110_1_411,senate,110,1,411,411,2007-11-16,HR4156,98,1.0
senate_110_1_412,senate,110,1,412,412,2007-11-16,HR2419,97,1.0
senate_110_1_413,senate,110,1,413,413,2007-12-04,HR3688,95,1.0
senate_110_1_414,senate,110,1,414,414,2007-12-06,HR3996,94,1.0
senate_110_1_415,senate,110,1,415,415,2007-12-06,HR3996,93,1.0
senate_110_1_416,senate,110,1,416,416,2007-12-07,HR6,95,1.0
senate_110_1_425,senate,110,1,425,425,2007-12-13,HR6,99,1.0
senate_110_1_431,senate,110,1,431,431,2007-12-13,HR2419,90,1.0
senate_110_1_432,senate,110,1,432,432,2007-12-14,S2338,94,1.0
senate_110_1_433,senate,110,1,433,433,2007-12-14,HR1585,93,1.0
senate_110_1_434,senate,110,1,434,434,2007-12-14,HR2419,93,1.0
senate_110_1_435,senate,110,1,435,435,2007-12-17,S2248,86,1.0
senate_110_1_436,senate,110,1,436,436,2007-12-18,HR2764,95,1.0
senate_110_2_1,senate,110,2,1,443,2008-01-22,HR4986,94,1.0
senate_110_2_3,senate,110,2,3,445,2008-01-28,S2248,93,1.0
senate_110_2_4,senate,110,2,4,446,2008-01-28,S2248,93,1.0
senate_110_2_5,senate,110,2,5,447,2008-02-04,HR5140,84,1.0
senate_110_2_8,senate,110,2,8,450,2008-02-06,HR5140,99,1.0
senate_110_2_10,senate,110,2,10,452,2008-02-07,HR5140,97,1.0
senate_110_2_19,senate,110,2,19,461,2008-02-12,S2248,98,1.0
senate_110_2_20,senate,110,2,20,462,2008-02-12,S2248,97,1.0
senate_110_2_21,senate,110,2,21,463,2008-02-13,HR2082,96,1.0
senate_110_2_22,senate,110,2,22,464,2008-02-13,HR2082,96,1.0
senate_110_2_28,senate,110,2,28,470,2008-02-25,S1200,87,1.0
senate_110_2_32,senate,110,2,32,474,2008-02-26,S1200,93,1.0
senate_110_2_33,senate,110,2,33,475,2008-02-26,S2633,94,1.0
senate_110_2_34,senate,110,2,34,476,2008-02-27,S2634,92,1.0
senate_110_2_35,senate,110,2,35,477,2008-02-28,HR3221,94,1.0
senate_110_2_41,senate,110,2,41,483,2008-03-06,HR4040,92,1.0
senate_110_2_86,senate,110,2,86,528,2008-04-01,HR3221,95,1.0
senate_110_2_93,senate,110,2,93,535,2008-04-08,HR3221,98,1.0
senate_110_2_96,senate,110,2,96,538,2008-04-10,HR3221,96,1.0
senate_110_2_101,senate,110,2,101,543,2008-04-10,S2739,95,1.0
senate_110_2_103,senate,110,2,103,545,2008-04-14,HR1195,94,1.0
senate_110_2_107,senate,110,2,107,549,2008-04-17,HR1195,92,1.0
senate_110_2_108,senate,110,2,108,550,2008-04-17,HR1195,90,1.0
senate_110_2_109,senate,110,2,109,551,2008-04-22,S1315,94,1.0
senate_110_2_110,senate,110,2,110,552,2008-04-23,HR2831,98,1.0
senate_110_2_112,senate,110,2,112,554,2008-04-24,S1315,97,1.0
senate_110_2_113,senate,110,2,113,555,2008-04-24,HR493,95,1.0
senate_110_2_114,senate,110,2,114,556,2008-04-28,HR2881,88,1.0
senate_110_2_115,senate,110,2,115,557,2008-05-06,HR2881,91,1.0
senate_110_2_116,senate,110,2,116,558,2008-05-06,S2284,91,1.0
senate_110_2_125,senate,110,2,125,567,2008-05-13,HR3121,98,1.0
senate_110_2_126,senate,110,2,126,568,2008-05-13,HR980,98,1.0
senate_110_2_130,senate,110,2,130,572,2008-05-15,HR2419,96,1.0
senate_110_2_140,senate,110,2,140,582,2008-05-22,HR2419,95,1.0
senate_110_2_141,senate,110,2,141,583,2008-06-02,S3036,88,1.0
senate_110_2_142,senate,110,2,142,584,2008-06-04,SCONRES70,93,1.0
senate_110_2_144,senate,110,2,144,586,2008-06-05,HR6124,92,1.0
senate_110_2_145,senate,110,2,145,587,2008-06-06,S3036,84,1.0
senate_110_2_146,senate,110,2,146,588,2008-06-10,S3044,94,1.0
senate_110_2_147,senate,110,2,147,589,2008-06-10,HR6049,94,1.0
senate_110_2_149,senate,110,2,149,591,2008-06-12,S3101,93,1.0
senate_110_2_151,senate,110,2,151,593,2008-06-18,HR6124,94,1.0
senate_110_2_163,senate,110,2,163,605,2008-07-07,HR3221,86,1.0
senate_110_2_167,senate,110,2,167,609,2008-07-09,HR6304,98,1.0
senate_110_2_168,senate,110,2,168,610,2008-07-09,HR6304,97,1.0
senate_110_2_169,senate,110,2,169,611,2008-07-09,HR6331,99,1.0
senate_110_2_170,senate,110,2,170,612,2008-07-10,HR3221,96,1.0
senate_110_2_174,senate,110,2,174,616,2008-07-11,S2731,68,1.0
senate_110_2_177,senate,110,2,177,619,2008-07-15,HR6331,96,1.0
senate_110_2_182,senate,110,2,182,624,2008-07-16,HR5501,96,1.0
senate_110_2_184,senate,110,2,184,626,2008-07-25,S3268,93,1.0
senate_110_2_185,senate,110,2,185,627,2008-07-25,HR3221,93,1.0
senate_110_2_187,senate,110,2,187,629,2008-07-26,S3186,85,1.0
senate_110_2_189,senate,110,2,189,631,2008-07-28,S3297,92,1.0
senate_110_2_190,senate,110,2,190,632,2008-07-29,HR6049,96,1.0
senate_110_2_191,senate,110,2,191,633,2008-07-30,S2035,94,1.0
senate_110_2_192,senate,110,2,192,634,2008-07-30,S3335,94,1.0
senate_110_2_193,senate,110,2,193,635,2008-07-31,HR4040,92,1.0
senate_110_2_194,senate,110,2,194,636,2008-07-31,HR4137,91,1.0
senate_110_2_197,senate,110,2,197,639,2008-09-08,S3001,83,1.0
senate_110_2_200,senate,110,2,200,642,2008-09-16,S3001,93,1.0
senate_110_2_201,senate,110,2,201,643,2008-09-17,S3001,96,1.0
senate_110_2_205,senate,110,2,205,647,2008-09-23,HR6049,95,1.0
senate_110_2_207,senate,110,2,207,649,2008-09-27,HR2638,95,1.0
senate_110_2_209,senate,110,2,209,651,2008-09-29,HR2095,86,1.0
senate_110_2_211,senate,110,2,211,653,2008-10-01,HR7081,99,1.0
senate_110_2_213,senate,110,2,213,655,2008-10-01,HR1424,99,1.0
senate_110_2_214,senate,110,2,214,656,2008-11-20,HR6867,95,1.0
senate_110_2_215,senate,110,2,215,657,2008-12-11,HR7005,87,1.0
senate_111_1_1,senate,111,1,1,1,2009-01-11,S22,78,1.0
senate_111_1_2,senate,111,1,2,2,2009-01-14,S22,92,1.0
senate_111_1_3,senate,111,1,3,3,2009-01-15,S22,94,1.0
senate_111_1_4,senate,111,1,4,4,2009-01-15,S181,95,1.0
senate_111_1_5,senate,111,1,5,5,2009-01-15,SJRES5,94,1.0
senate_111_1_14,senate,111,1,14,14,2009-01-22,S181,97,1.0
senate_111_1_31,senate,111,1,31,31,2009-01-29,HR2,98,1.0
senate_111_1_59,senate,111,1,59,59,2009-02-09,HR1,97,1.0
senate_111_1_61,senate,111,1,61,61,2009-02-10,HR1,98,1.0
senate_111_1_64,senate,111,1,64,64,2009-02-13,HR1,98,1.0
senate_111_1_73,senate,111,1,73,73,2009-02-26,S160,98,1.0
senate_111_1_96,senate,111,1,96,96,2009-03-10,HR1105,97,1.0
senate_111_1_99,senate,111,1,99,99,2009-03-16,HR146,94,1.0
senate_111_1_106,senate,111,1,106,106,2009-03-19,HR146,97,1.0
senate_111_1_115,senate,111,1,115,115,2009-03-26,HR1388,98,1.0
senate_111_1_158,senate,111,1,158,158,2009-04-20,PN171,90,1.0
senate_111_1_170,senate,111,1,170,170,2009-04-27,S386,88,1.0
senate_111_1_171,senate,111,1,171,171,2009-04-28,S386,96,1.0
senate_111_1_173,senate,111,1,173,173,2009-04-29,SCONRES13,96,1.0
senate_111_1_185,senate,111,1,185,185,2009-05-06,S896,95,1.0
senate_111_1_186,senate,111,1,186,186,2009-05-07,S454,92,1.0
senate_111_1_189,senate,111,1,189,189,2009-05-13,PN139,95,1.0
senate_111_1_193,senate,111,1,193,193,2009-05-19,HR627,93,1.0
senate_111_1_194,senate,111,1,194,194,2009-05-19,HR627,94,1.0
senate_111_1_197,senate,111,1,197,197,2009-05-20,S454,94,1.0
senate_111_1_200,senate,111,1,200,200,2009-05-21,HR2346,94,1.0
senate_111_1_202,senate,111,1,202,202,2009-05-21,HR2346,88,1.0
senate_111_1_203,senate,111,1,203,203,2009-06-02,HR1256,94,1.0
senate_111_1_204,senate,111,1,204,204,2009-06-08,HR1256,90,1.0
senate_111_1_206,senate,111,1,206,206,2009-06-10,HR1256,96,1.0
senate_111_1_207,senate,111,1,207,207,2009-06-11,HR1256,95,1.0
senate_111_1_208,senate,111,1,208,208,2009-06-16,S1023,92,1.0
senate_111_1_210,senate,111,1,210,210,2009-06-18,HR2346,95,1.0
senate_111_1_211,senate,111,1,211,211,2009-06-22,S1023,87,1.0
senate_111_1_212,senate,111,1,212,212,2009-06-24,PN225,95,1.0
senate_111_1_217,senate,111,1,217,217,2009-07-06,HR2918,91,1.0
senate_111_1_229,senate,111,1,229,229,2009-07-09,HR2892,89,1.0
senate_111_1_230,senate,111,1,230,230,2009-07-13,PN387,90,1.0
senate_111_1_233,senate,111,1,233,233,2009-07-16,S1390,90,1.0
senate_111_1_242,senate,111,1,242,242,2009-07-23,S1390,93,1.0
senate_111_1_248,senate,111,1,248,248,2009-07-29,HR3183,93,1.0
senate_111_1_254,senate,111,1,254,254,2009-07-30,HR3357,95,1.0
senate_111_1_255,senate,111,1,255,255,2009-08-03,HR2997,93,1.0
senate_111_1_261,senate,111,1,261,261,2009-08-04,HR2997,96,1.0
senate_111_1_270,senate,111,1,270,270,2009-08-06,HR3435,96,1.0
senate_111_1_271,senate,111,1,271,271,2009-09-08,S1023,98,1.0
senate_111_1_272,senate,111,1,272,272,2009-09-09,S1023,97,1.0
senate_111_1_273,senate,111,1,273,273,2009-09-09,PN323,97,1.0
senate_111_1_287,senate,111,1,287,287,2009-09-17,HR3288,97,1.0
senate_111_1_298,senate,111,1,298,298,2009-09-24,HR2996,97,1.0
senate_111_1_302,senate,111,1,302,302,2009-09-30,HR2918,99,1.0
senate_111_1_315,senate,111,1,315,315,2009-10-06,HR3326,99,1.0
senate_111_1_318,senate,111,1,318,318,2009-10-08,HR2997,97,1.0
senate_111_1_320,senate,111,1,320,320,2009-10-13,HR2847,93,1.0
senate_111_1_321,senate,111,1,321,321,2009-10-14,HR3183,95,1.0
senate_111_1_322,senate,111,1,322,322,2009-10-15,HR3183,96,1.0
senate_111_1_323,senate,111,1,323,323,2009-10-20,HR2892,97,1.0
senate_111_1_325,senate,111,1,325,325,2009-10-21,S1776,99,1.0
senate_111_1_326,senate,111,1,326,326,2009-10-22,HR2647,98,1.0
senate_111_1_327,senate,111,1,327,327,2009-10-22,HR2647,96,1.0
senate_111_1_329,senate,111,1,329,329,2009-10-27,HR3548,99,1.0
senate_111_1_331,senate,111,1,331,331,2009-10-29,HR2996,99,1.0
senate_111_1_334,senate,111,1,334,334,2009-11-04,HR3548,97,1.0
senate_111_1_340,senate,111,1,340,340,2009-11-05,HR2847,98,1.0
senate_111_1_348,senate,111,1,348,348,2009-11-17,HR3082,99,1.0
senate_111_1_352,senate,111,1,352,352,2009-11-19,S1963,97,1.0
senate_111_1_353,senate,111,1,353,353,2009-11-21,HR3590,98,1.0
senate_111_1_373,senate,111,1,373,373,2009-12-12,HR3288,93,1.0
senate_111_1_374,senate,111,1,374,374,2009-12-13,HR3288,91,1.0
senate_111_1_381,senate,111,1,381,381,2009-12-18,HR3326,95,1.0
senate_111_1_385,senate,111,1,385,385,2009-12-21,HR3590,99,1.0
senate_111_1_388,senate,111,1,388,388,2009-12-22,HR3590,98,1.0
senate_111_1_395,senate,111,1,395,395,2009-12-23,HR3590,98,1.0
senate_111_1_396,senate,111,1,396,396,2009-12-24,HR3590,98,1.0
senate_111_1_397,senate,111,1,397,397,2009-12-24,HR4314,98,1.0
senate_111_2_14,senate,111,2,14,411,2010-01-28,HJRES45,98,1.0
senate_111_2_15,senate,111,2,15,412,2010-01-28,PN959,99,1.0
senate_111_2_17,senate,111,2,17,414,2010-02-01,PN319,91,1.0
senate_111_2_19,senate,111,2,19,416,2010-02-04,PN393,97,1.0
senate_111_2_22,senate,111,2,22,419,2010-02-09,PN1351,84,1.0
senate_111_2_23,senate,111,2,23,420,2010-02-22,HR2847,91,1.0
senate_111_2_26,senate,111,2,26,423,2010-02-25,HR1299,95,1.0
senate_111_2_29,senate,111,2,29,426,2010-03-02,PN937,98,1.0
senate_111_2_32,senate,111,2,32,429,2010-03-02,HR4691,96,1.0
senate_111_2_46,senate,111,2,46,443,2010-03-09,HR4213,99,1.0
senate_111_2_47,senate,111,2,47,444,2010-03-10,HR4213,98,1.0
senate_111_2_48,senate,111,2,48,445,2010-03-10,HR4213,97,1.0
senate_111_2_49,senate,111,2,49,446,2010-03-15,HR2847,90,1.0
senate_111_2_61,senate,111,2,61,458,2010-03-22,HR1586,92,1.0
senate_111_2_105,senate,111,2,105,502,2010-03-25,HR4872,98,1.0
senate_111_2_116,senate,111,2,116,513,2010-04-15,HR4851,97,1.0
senate_111_2_117,senate,111,2,117,514,2010-04-15,HR4851,96,1.0
senate_111_2_118,senate,111,2,118,515,2010-04-19,PN224,93,1.0
senate_111_2_124,senate,111,2,124,521,2010-04-26,S3217,97,1.0
senate_111_2_158,senate,111,2,158,555,2010-05-19,S3217,99,1.0
senate_111_2_160,senate,111,2,160,557,2010-05-20,S3217,99,1.0
senate_111_2_162,senate,111,2,162,559,2010-05-20,HR4173,98,1.0
senate_111_2_171,senate,111,2,171,568,2010-05-27,HR4899,97,1.0
senate_111_2_176,senate,111,2,176,573,2010-05-27,HR4899,94,1.0
senate_111_2_194,senate,111,2,194,591,2010-06-17,HR4213,95,1.0
senate_111_2_199,senate,111,2,199,596,2010-06-24,HR2194,98,1.0
senate_111_2_200,senate,111,2,200,597,2010-06-24,HR4213,97,1.0
senate_111_2_204,senate,111,2,204,601,2010-06-30,HR4213,95,1.0
senate_111_2_206,senate,111,2,206,603,2010-07-15,HR4173,97,1.0
senate_111_2_208,senate,111,2,208,605,2010-07-15,HR4173,98,1.0
senate_111_2_209,senate,111,2,209,606,2010-07-20,HR4213,99,1.0
senate_111_2_216,senate,111,2,216,613,2010-07-22,HJRES83,99,1.0
senate_111_2_218,senate,111,2,218,615,2010-07-22,HR5297,96,1.0
senate_111_2_219,senate,111,2,219,616,2010-07-22,HR4899,96,1.0
senate_111_2_220,senate,111,2,220,617,2010-07-27,S3628,97,1.0
senate_111_2_221,senate,111,2,221,618,2010-07-29,HR5297,99,1.0
senate_111_2_224,senate,111,2,224,621,2010-08-04,HR1586,98,1.0
senate_111_2_231,senate,111,2,231,628,2010-09-14,HR5297,97,1.0
senate_111_2_232,senate,111,2,232,629,2010-09-14,HR5297,97,1.0
senate_111_2_233,senate,111,2,233,630,2010-09-14,HR5297,97,1.0
senate_111_2_236,senate,111,2,236,633,2010-09-16,HR5297,98,1.0
senate_111_2_237,senate,111,2,237,634,2010-09-16,HR5297,98,1.0
senate_111_2_238,senate,111,2,238,635,2010-09-21,S3454,98,1.0
senate_111_2_240,senate,111,2,240,637,2010-09-23,S3628,97,1.0
senate_111_2_242,senate,111,2,242,639,2010-09-28,S3816,97,1.0
senate_111_2_243,senate,111,2,243,640,2010-09-28,HR3081,97,1.0
senate_111_2_247,senate,111,2,247,644,2010-09-29,HR3081,98,1.0
senate_111_2_249,senate,111,2,249,646,2010-11-17,S3772,98,1.0
senate_111_2_250,senate,111,2,250,647,2010-11-17,S510,98,1.0
senate_111_2_252,senate,111,2,252,649,2010-11-29,S510,94,1.0
senate_111_2_257,senate,111,2,257,654,2010-11-30,S510,97,1.0
senate_111_2_258,senate,111,2,258,655,2010-12-04,HR4853,88,1.0
senate_111_2_259,senate,111,2,259,656,2010-12-04,HR4853,89,1.0
senate_111_2_272,senate,111,2,272,669,2010-12-13,HR4853,97,1.0
senate_111_2_278,senate,111,2,278,675,2010-12-18,HR5281,95,1.0
senate_111_2_279,senate,111,2,279,676,2010-12-18,HR2965,95,1.0
senate_111_2_288,senate,111,2,288,685,2010-12-21,HR3082,95,1.0
senate_111_2_292,senate,111,2,292,689,2010-12-21,TREATYDOC1115,94,1.0
senate_112_1_19,senate,112,1,19,19,2011-02-15,HR514,98,1.0
senate_112_1_20,senate,112,1,20,20,2011-02-17,S223,98,1.0
senate_112_1_25,senate,112,1,25,25,2011-02-17,S223,95,1.0
senate_112_1_29,senate,112,1,29,29,2011-03-02,HJRES44,100,1.0
senate_112_1_34,senate,112,1,34,34,2011-03-07,S23,90,1.0
senate_112_1_35,senate,112,1,35,35,2011-03-08,S23,100,1.0
senate_112_1_36,senate,112,1,36,36,2011-03-09,HR1,100,1.0
senate_112_1_44,senate,112,1,44,44,2011-03-17,HJRES48,100,1.0
senate_112_1_49,senate,112,1,49,49,2011-04-05,HR4,99,1.0
senate_112_1_61,senate,112,1,61,61,2011-04-14,HR1473,100,1.0
senate_112_1_64,senate,112,1,64,64,2011-05-04,S493,96,1.0
senate_112_1_65,senate,112,1,65,65,2011-05-04,PN32,96,1.0
senate_112_1_67,senate,112,1,67,67,2011-05-09,PN49,90,1.0
senate_112_1_74,senate,112,1,74,74,2011-05-19,PN3,95,1.0
senate_112_1_81,senate,112,1,81,81,2011-05-26,S990,97,1.0
senate_112_1_89,senate,112,1,89,89,2011-06-14,S782,99,1.0
senate_112_1_94,senate,112,1,94,94,2011-06-21,S782,100,1.0
senate_112_1_101,senate,112,1,101,101,2011-06-29,S679,99,1.0
senate_112_1_108,senate,112,1,108,108,2011-07-13,S1323,100,1.0
senate_112_1_110,senate,112,1,110,110,2011-07-14,HR2055,97,1.0
senate_112_1_115,senate,112,1,115,115,2011-07-20,HR2055,99,1.0
senate_112_1_122,senate,112,1,122,122,2011-07-31,S627,99,1.0
senate_112_1_125,senate,112,1,125,125,2011-09-06,HR1249,98,1.0
senate_112_1_129,senate,112,1,129,129,2011-09-08,HR1249,98,1.0
senate_112_1_131,senate,112,1,131,131,2011-09-12,HJRES66,86,1.0
senate_112_1_138,senate,112,1,138,138,2011-09-15,HR2887,98,1.0
senate_112_1_139,senate,112,1,139,139,2011-09-19,HR2832,92,1.0
senate_112_1_150,senate,112,1,150,150,2011-09-22,HR2832,97,1.0
senate_112_1_152,senate,112,1,152,152,2011-09-26,HR2608,89,1.0
senate_112_1_155,senate,112,1,155,155,2011-10-03,S1619,98,1.0
senate_112_1_156,senate,112,1,156,156,2011-10-06,S1619,100,1.0
senate_112_1_159,senate,112,1,159,159,2011-10-11,S1619,98,1.0
senate_112_1_160,senate,112,1,160,160,2011-10-11,S1660,99,1.0
senate_112_1_161,senate,112,1,161,161,2011-10-12,HR3080,98,1.0
senate_112_1_162,senate,112,1,162,162,2011-10-12,HR3079,99,1.0
senate_112_1_163,senate,112,1,163,163,2011-10-12,HR3078,99,1.0
senate_112_1_187,senate,112,1,187,187,2011-10-21,HR2112,98,1.0
senate_112_1_194,senate,112,1,194,194,2011-11-01,HR2112,99,1.0
senate_112_1_204,senate,112,1,204,204,2011-11-10,HR674,95,1.0
senate_112_1_205,senate,112,1,205,205,2011-11-10,HR2354,95,1.0
senate_112_1_208,senate,112,1,208,208,2011-11-17,HR2112,100,1.0
senate_112_1_212,senate,112,1,212,212,2011-11-30,S1867,100,1.0
senate_112_1_218,senate,112,1,218,218,2011-12-01,S1867,100,1.0
senate_112_1_222,senate,112,1,222,222,2011-12-06,PN5,99,1.0
senate_112_1_223,senate,112,1,223,223,2011-12-08,PN784,98,1.0
senate_112_1_226,senate,112,1,226,226,2011-12-12,PN113,86,1.0
senate_112_1_227,senate,112,1,227,227,2011-12-12,PN267,86,1.0
senate_112_1_228,senate,112,1,228,228,2011-12-14,SJRES24,100,1.0
senate_112_1_229,senate,112,1,229,229,2011-12-14,SJRES10,100,1.0
senate_112_1_230,senate,112,1,230,230,2011-12-15,HR1540,99,1.0
senate_112_1_233,senate,112,1,233,233,2011-12-17,HR3672,99,1.0
senate_112_1_235,senate,112,1,235,235,2011-12-17,HR2055,99,1.0
senate_112_2_14,senate,112,2,14,249,2012-02-02,S2038,99,1.0
senate_112_2_15,senate,112,2,15,250,2012-02-06,HR658,95,1.0
senate_112_2_18,senate,112,2,18,253,2012-02-13,PN864,94,1.0
senate_112_2_20,senate,112,2,20,255,2012-02-17,S1813,96,1.0
senate_112_2_22,senate,112,2,22,257,2012-02-17,HR3630,96,1.0
senate_112_2_25,senate,112,2,25,260,2012-03-06,S1813,96,1.0
senate_112_2_48,senate,112,2,48,283,2012-03-14,S1813,96,1.0
senate_112_2_51,senate,112,2,51,286,2012-03-20,HR3606,99,1.0
senate_112_2_52,senate,112,2,52,287,2012-03-20,HR3606,99,1.0
senate_112_2_53,senate,112,2,53,288,2012-03-21,HR3606,98,1.0
senate_112_2_55,senate,112,2,55,290,2012-03-22,HR3606,99,1.0
senate_112_2_56,senate,112,2,56,291,2012-03-22,S2038,99,1.0
senate_112_2_59,senate,112,2,59,294,2012-03-26,S2204,96,1.0
senate_112_2_60,senate,112,2,60,295,2012-03-27,S1789,97,1.0
senate_112_2_63,senate,112,2,63,298,2012-03-29,S2204,98,1.0
senate_112_2_82,senate,112,2,82,317,2012-04-25,S1789,99,1.0
senate_112_2_87,senate,112,2,87,322,2012-04-26,S1925,99,1.0
senate_112_2_96,senate,112,2,96,331,2012-05-15,HR2072,98,1.0
senate_112_2_111,senate,112,2,111,346,2012-05-24,S3187,97,1.0
senate_112_2_113,senate,112,2,113,348,2012-05-24,S2343,94,1.0
senate_112_2_118,senate,112,2,118,353,2012-06-11,PN1104,91,1.0
senate_112_2_121,senate,112,2,121,356,2012-06-14,PN267,99,1.0
senate_112_2_164,senate,112,2,164,399,2012-06-21,S3240,99,1.0
senate_112_2_165,senate,112,2,165,400,2012-06-21,S1940,98,1.0
senate_112_2_166,senate,112,2,166,401,2012-06-25,S3187,92,1.0
senate_112_2_172,senate,112,2,172,407,2012-06-29,HR4348,93,1.0
senate_112_2_176,senate,112,2,176,411,2012-07-12,S2237,98,1.0
senate_112_2_177,senate,112,2,177,412,2012-07-12,S2237,97,1.0
senate_112_2_184,senate,112,2,184,419,2012-07-25,S3412,99,1.0
senate_112_2_186,senate,112,2,186,421,2012-07-30,PN1201,90,1.0
senate_112_2_187,senate,112,2,187,422,2012-08-02,S3414,98,1.0
senate_112_2_196,senate,112,2,196,431,2012-09-22,S3576,91,1.0
senate_112_2_197,senate,112,2,197,432,2012-09-22,SJRES41,91,1.0
senate_112_2_198,senate,112,2,198,433,2012-09-22,HJRES117,92,1.0
senate_112_2_199,senate,112,2,199,434,2012-09-22,HJRES117,92,1.0
senate_112_2_202,senate,112,2,202,437,2012-11-14,S3414,98,1.0
senate_112_2_203,senate,112,2,203,438,2012-11-15,S3525,96,1.0
senate_112_2_218,senate,112,2,218,453,2012-12-03,S3254,93,1.0
senate_112_2_221,senate,112,2,221,456,2012-12-04,S3254,98,1.0
senate_112_2_223,senate,112,2,223,458,2012-12-06,HR6156,96,1.0
senate_112_2_229,senate,112,2,229,464,2012-12-21,HR4310,95,1.0
senate_112_2_230,senate,112,2,230,465,2012-12-21,HR1,92,1.0
senate_112_2_236,senate,112,2,236,471,2012-12-28,HR5949,96,1.0
senate_112_2_248,senate,112,2,248,483,2012-12-28,HR1,94,1.0
senate_112_2_251,senate,112,2,251,486,2013-01-01,HR8,97,1.0
senate_113_1_4,senate,113,1,4,4,2013-01-28,HR152,98,1.0
senate_113_1_11,senate,113,1,11,11,2013-01-31,HR325,98,1.0
senate_113_1_19,senate,113,1,19,19,2013-02-12,S47,99,1.0
senate_113_1_21,senate,113,1,21,21,2013-02-14,PN34,97,1.0
senate_113_1_23,senate,113,1,23,23,2013-02-26,PN34,97,1.0
senate_113_1_30,senate,113,1,30,30,2013-03-06,PN2,91,1.0
senate_113_1_31,senate,113,1,31,31,2013-03-07,PN48,96,1.0
senate_113_1_38,senate,113,1,38,38,2013-03-18,HR933,97,1.0
senate_113_1_43,senate,113,1,43,43,2013-03-20,HR933,98,1.0
senate_113_1_44,senate,113,1,44,44,2013-03-20,HR933,98,1.0
senate_113_1_111,senate,113,1,111,111,2013-04-25,S743,92,1.0
senate_113_1_113,senate,113,1,113,113,2013-05-06,S743,95,1.0
senate_113_1_124,senate,113,1,124,124,2013-05-15,S601,96,1.0
senate_113_1_141,senate,113,1,141,141,2013-06-06,S954,96,1.0
senate_113_1_142,senate,113,1,142,142,2013-06-06,S1003,96,1.0
senate_113_1_143,senate,113,1,143,143,2013-06-06,S953,96,1.0
senate_113_1_145,senate,113,1,145,145,2013-06-10,S954,91,1.0
senate_113_1_160,senate,113,1,160,160,2013-06-24,S744,92,1.0
senate_113_1_164,senate,113,1,164,164,2013-06-26,S744,96,1.0
senate_113_1_167,senate,113,1,167,167,2013-06-27,S744,98,1.0
senate_113_1_168,senate,113,1,168,168,2013-06-27,S744,98,1.0
senate_113_1_171,senate,113,1,171,171,2013-07-10,S1238,98,1.0
senate_113_1_173,senate,113,1,173,173,2013-07-16,PN157,99,1.0
senate_113_1_175,senate,113,1,175,175,2013-07-17,PN239,99,1.0
senate_113_1_177,senate,113,1,177,177,2013-07-17,PN205,99,1.0
senate_113_1_179,senate,113,1,179,179,2013-07-18,PN192,99,1.0
senate_113_1_185,senate,113,1,185,185,2013-07-24,HR1911,98,1.0
senate_113_1_189,senate,113,1,189,189,2013-07-30,PN679,98,1.0
senate_113_1_191,senate,113,1,191,191,2013-07-30,PN680,98,1.0
senate_113_1_193,senate,113,1,193,193,2013-07-30,PN266,98,1.0
senate_113_1_196,senate,113,1,196,196,2013-07-31,PN120,99,1.0
senate_113_1_199,senate,113,1,199,199,2013-08-01,S1243,96,1.0
senate_113_1_203,senate,113,1,203,203,2013-09-19,HR527,98,1.0
senate_113_1_205,senate,113,1,205,205,2013-09-25,HJRES59,99,1.0
senate_113_1_206,senate,113,1,206,206,2013-09-27,HJRES59,97,1.0
senate_113_1_209,senate,113,1,209,209,2013-09-27,HJRES59,97,1.0
senate_113_1_218,senate,113,1,218,218,2013-10-16,HR2775,98,1.0
senate_113_1_219,senate,113,1,219,219,2013-10-16,HR2775,98,1.0
senate_113_1_221,senate,113,1,221,221,2013-10-29,PN789,98,1.0
senate_113_1_223,senate,113,1,223,223,2013-10-30,PN36,98,1.0
senate_113_1_224,senate,113,1,224,224,2013-10-30,PN509,98,1.0
senate_113_1_226,senate,113,1,226,226,2013-10-31,PN408,98,1.0
senate_113_1_227,senate,113,1,227,227,2013-10-31,PN527,93,1.0
senate_113_1_231,senate,113,1,231,231,2013-11-07,S815,98,1.0
senate_113_1_232,senate,113,1,232,232,2013-11-07,S815,96,1.0
senate_113_1_233,senate,113,1,233,233,2013-11-12,PN528,97,1.0
senate_113_1_234,senate,113,1,234,234,2013-11-12,HR3204,98,1.0
senate_113_1_235,senate,113,1,235,235,2013-11-18,PN529,91,1.0
senate_113_1_244,senate,113,1,244,244,2013-11-21,PN527,98,1.0
senate_113_1_245,senate,113,1,245,245,2013-11-21,S1197,95,1.0
senate_113_1_251,senate,113,1,251,251,2013-12-10,PN408,97,1.0
senate_113_1_255,senate,113,1,255,255,2013-12-10,PN528,98,1.0
senate_113_1_257,senate,113,1,257,257,2013-12-12,PN507,96,1.0
senate_113_1_259,senate,113,1,259,259,2013-12-12,PN424,96,1.0
senate_113_1_261,senate,113,1,261,261,2013-12-12,PN460,98,1.0
senate_113_1_263,senate,113,1,263,263,2013-12-12,PN243,98,1.0
senate_113_1_265,senate,113,1,265,265,2013-12-12,PN461,97,1.0
senate_113_1_267,senate,113,1,267,267,2013-12-12,PN462,97,1.0
senate_113_1_269,senate,113,1,269,269,2013-12-12,PN774,97,1.0
senate_113_1_271,senate,113,1,271,271,2013-12-13,PN808,85,1.0
senate_113_1_273,senate,113,1,273,273,2013-12-13,PN786,90,1.0
senate_113_1_275,senate,113,1,275,275,2013-12-16,PN925,94,1.0
senate_113_1_279,senate,113,1,279,279,2013-12-17,HJRES59,100,1.0
senate_113_1_282,senate,113,1,282,282,2013-12-18,HR3304,100,1.0
senate_113_1_285,senate,113,1,285,285,2013-12-19,PN640,100,1.0
senate_113_1_287,senate,113,1,287,287,2013-12-20,PN784,95,1.0
senate_113_1_289,senate,113,1,289,289,2013-12-20,PN12,92,1.0
senate_113_1_291,senate,113,1,291,291,2013-12-20,PN921,93,1.0
senate_113_2_6,senate,113,2,6,297,2014-01-09,PN529,93,1.0
senate_113_2_9,senate,113,2,9,300,2014-01-14,S1845,100,1.0
senate_113_2_10,senate,113,2,10,301,2014-01-14,S1845,100,1.0
senate_113_2_11,senate,113,2,11,302,2014-01-15,HJRES106,100,1.0
senate_113_2_12,senate,113,2,12,303,2014-01-16,HR3547,98,1.0
senate_113_2_19,senate,113,2,19,310,2014-01-30,S1926,99,1.0
senate_113_2_20,senate,113,2,20,311,2014-02-03,HR2642,94,1.0
senate_113_2_21,senate,113,2,21,312,2014-02-04,HR2642,100,1.0
senate_113_2_23,senate,113,2,23,314,2014-02-06,S1845,98,1.0
senate_113_2_24,senate,113,2,24,315,2014-02-06,S1845,98,1.0
senate_113_2_33,senate,113,2,33,324,2014-02-12,S540,97,1.0
senate_113_2_36,senate,113,2,36,327,2014-02-24,PN1192,91,1.0
senate_113_2_38,senate,113,2,38,329,2014-02-24,PN1203,91,1.0
senate_113_2_40,senate,113,2,40,331,2014-02-25,PN1193,96,1.0
senate_113_2_42,senate,113,2,42,333,2014-02-25,PN1194,97,1.0
senate_113_2_48,senate,113,2,48,339,2014-03-05,PN1241,98,1.0
senate_113_2_49,senate,113,2,49,340,2014-03-05,PN1196,97,1.0
senate_113_2_51,senate,113,2,51,342,2014-03-05,PN1190,98,1.0
senate_113_2_53,senate,113,2,53,344,2014-03-05,PN1191,99,1.0
senate_113_2_55,senate,113,2,55,346,2014-03-05,PN1199,99,1.0
senate_113_2_57,senate,113,2,57,348,2014-03-05,PN1106,99,1.0
senate_113_2_59,senate,113,2,59,350,2014-03-06,S1752,99,1.0
senate_113_2_60,senate,113,2,60,351,2014-03-06,S1917,99,1.0
senate_113_2_61,senate,113,2,61,352,2014-03-10,PN1181,95,1.0
senate_113_2_62,senate,113,2,62,353,2014-03-10,S1917,96,1.0
senate_113_2_63,senate,113,2,63,354,2014-03-11,PN1200,97,1.0
senate_113_2_64,senate,113,2,64,355,2014-03-11,PN1201,97,1.0
senate_113_2_65,senate,113,2,65,356,2014-03-11,PN1202,98,1.0
senate_113_2_66,senate,113,2,66,357,2014-03-11,PN1204,97,1.0
senate_113_2_77,senate,113,2,77,368,2014-03-13,S1086,97,1.0
senate_113_2_78,senate,113,2,78,369,2014-03-13,HR3370,93,1.0
senate_113_2_80,senate,113,2,80,371,2014-03-26,PN1205,98,1.0
senate_113_2_81,senate,113,2,81,372,2014-03-26,PN1207,98,1.0
senate_113_2_82,senate,113,2,82,373,2014-03-26,PN1209,98,1.0
senate_113_2_83,senate,113,2,83,374,2014-03-26,PN1210,97,1.0
senate_113_2_89,senate,113,2,89,380,2014-03-27,PN1184,97,1.0
senate_113_2_93,senate,113,2,93,384,2014-03-31,HR4302,98,1.0
senate_113_2_96,senate,113,2,96,387,2014-04-02,HR3979,98,1.0
senate_113_2_100,senate,113,2,100,391,2014-04-03,HR3979,95,1.0
senate_113_2_101,senate,113,2,101,392,2014-04-07,HR3979,96,1.0
senate_113_2_106,senate,113,2,106,397,2014-04-10,PN1182,96,1.0
senate_113_2_109,senate,113,2,109,400,2014-04-28,PN1156,92,1.0
senate_113_2_111,senate,113,2,111,402,2014-04-29,PN1208,96,1.0
senate_113_2_112,senate,113,2,112,403,2014-04-29,PN1212,95,1.0
senate_113_2_113,senate,113,2,113,404,2014-04-29,PN1217,96,1.0
senate_113_2_114,senate,113,2,114,405,2014-04-29,PN1206,95,1.0
senate_113_2_115,senate,113,2,115,406,2014-04-29,PN1211,96,1.0
senate_113_2_116,senate,113,2,116,407,2014-04-29,PN1214,96,1.0
senate_113_2_124,senate,113,2,124,415,2014-05-01,PN1221,96,1.0
senate_113_2_125,senate,113,2,125,416,2014-05-01,PN1222,96,1.0
senate_113_2_126,senate,113,2,126,417,2014-05-01,PN1183,97,1.0
senate_113_2_134,senate,113,2,134,425,2014-05-08,PN1220,95,1.0
senate_113_2_135,senate,113,2,135,426,2014-05-08,PN1223,95,1.0
senate_113_2_136,senate,113,2,136,427,2014-05-08,PN1224,95,1.0
senate_113_2_140,senate,113,2,140,431,2014-05-08,PN1186,93,1.0
senate_113_2_142,senate,113,2,142,433,2014-05-12,S2262,90,1.0
senate_113_2_143,senate,113,2,143,434,2014-05-13,HR3474,98,1.0
senate_113_2_144,senate,113,2,144,435,2014-05-14,PN1215,94,1.0
senate_113_2_145,senate,113,2,145,436,2014-05-14,PN1218,96,1.0
senate_113_2_146,senate,113,2,146,437,2014-05-14,PN1213,97,1.0
senate_113_2_150,senate,113,2,150,441,2014-05-15,PN1189,92,1.0
senate_113_2_151,senate,113,2,151,442,2014-05-15,PN1216,93,1.0
senate_113_2_152,senate,113,2,152,443,2014-05-15,PN1233,95,1.0
senate_113_2_156,senate,113,2,156,447,2014-05-15,PN1188,93,1.0
senate_113_2_157,senate,113,2,157,448,2014-05-15,HR3474,92,1.0
senate_113_2_159,senate,113,2,159,450,2014-05-20,PN1343,96,1.0
senate_113_2_161,senate,113,2,161,452,2014-05-21,PN1185,94,1.0
senate_113_2_163,senate,113,2,163,454,2014-05-22,HR3080,97,1.0
senate_113_2_164,senate,113,2,164,455,2014-06-02,PN1108,88,1.0
senate_113_2_166,senate,113,2,166,457,2014-06-03,PN1289,93,1.0
senate_113_2_168,senate,113,2,168,459,2014-06-03,PN1219,94,1.0
senate_113_2_169,senate,113,2,169,460,2014-06-03,PN1197,93,1.0
senate_113_2_170,senate,113,2,170,461,2014-06-03,PN1227,93,1.0
senate_113_2_174,senate,113,2,174,465,2014-06-04,PN1612,94,1.0
senate_113_2_176,senate,113,2,176,467,2014-06-09,PN1229,83,1.0
senate_113_2_177,senate,113,2,177,468,2014-06-09,PN1232,84,1.0
senate_113_2_178,senate,113,2,178,469,2014-06-09,PN1346,86,1.0
senate_113_2_182,senate,113,2,182,473,2014-06-10,PN1344,93,1.0
senate_113_2_183,senate,113,2,183,474,2014-06-10,PN1350,93,1.0
senate_113_2_184,senate,113,2,184,475,2014-06-10,PN1342,93,1.0
senate_113_2_187,senate,113,2,187,478,2014-06-11,HR3230,95,1.0
senate_113_2_192,senate,113,2,192,483,2014-06-16,PN1347,91,1.0
senate_113_2_193,senate,113,2,193,484,2014-06-16,PN1348,91,1.0
senate_113_2_194,senate,113,2,194,485,2014-06-16,PN1400,91,1.0
senate_113_2_198,senate,113,2,198,489,2014-06-17,PN1244,96,1.0
senate_113_2_200,senate,113,2,200,491,2014-06-17,HR4660,97,1.0
senate_113_2_202,senate,113,2,202,493,2014-06-23,PN1399,82,1.0
senate_113_2_203,senate,113,2,203,494,2014-06-23,PN1401,83,1.0
senate_113_2_204,senate,113,2,204,495,2014-06-23,PN1398,83,1.0
senate_113_2_205,senate,113,2,205,496,2014-06-23,PN1717,83,1.0
senate_113_2_210,senate,113,2,210,501,2014-06-24,PN1298,95,1.0
senate_113_2_214,senate,113,2,214,505,2014-06-25,HR803,97,1.0
senate_113_2_215,senate,113,2,215,506,2014-06-26,PN1397,95,1.0
senate_113_2_220,senate,113,2,220,511,2014-07-10,S2363,96,1.0
senate_113_2_222,senate,113,2,222,513,2014-07-15,PN1368,95,1.0
senate_113_2_223,senate,113,2,223,514,2014-07-15,PN1643,94,1.0
senate_113_2_226,senate,113,2,226,517,2014-07-16,PN1225,96,1.0
senate_113_2_231,senate,113,2,231,522,2014-07-17,S2244,96,1.0
senate_113_2_232,senate,113,2,232,523,2014-07-17,PN1187,90,1.0
senate_113_2_234,senate,113,2,234,525,2014-07-22,PN1551,98,1.0
senate_113_2_236,senate,113,2,236,527,2014-07-22,PN1516,95,1.0
senate_113_2_235,senate,113,2,235,526,2014-07-22,PN1476,99,1.0
senate_113_2_240,senate,113,2,240,531,2014-07-23,S2569,99,1.0
senate_113_2_241,senate,113,2,241,532,2014-07-24,PN1696,94,1.0
senate_113_2_248,senate,113,2,248,539,2014-07-29,HR5021,96,1.0
senate_113_2_249,senate,113,2,249,540,2014-07-30,S2569,95,1.0
senate_113_2_250,senate,113,2,250,541,2014-07-30,S2648,95,1.0
senate_113_2_254,senate,113,2,254,545,2014-07-31,HR3230,93,1.0
senate_113_2_256,senate,113,2,256,547,2014-07-31,PN1180,90,1.0
senate_113_2_261,senate,113,2,261,552,2014-09-11,SJRES19,95,1.0
senate_113_2_262,senate,113,2,262,553,2014-09-15,S2199,91,1.0
senate_113_2_263,senate,113,2,263,554,2014-09-15,PN1930,90,1.0
senate_113_2_264,senate,113,2,264,555,2014-09-15,PN1931,90,1.0
senate_113_2_269,senate,113,2,269,560,2014-09-18,HJRES124,99,1.0
senate_113_2_270,senate,113,2,270,561,2014-09-18,HJRES124,99,1.0
senate_113_2_271,senate,113,2,271,562,2014-11-12,PN1552,97,1.0
senate_113_2_272,senate,113,2,272,563,2014-11-12,PN1230,96,1.0
senate_113_2_275,senate,113,2,275,566,2014-11-13,S1086,96,1.0
senate_113_2_277,senate,113,2,277,568,2014-11-17,PN1515,95,1.0
senate_113_2_278,senate,113,2,278,569,2014-11-17,PN1228,95,1.0
senate_113_2_279,senate,113,2,279,570,2014-11-17,PN1231,94,1.0
senate_113_2_280,senate,113,2,280,571,2014-11-18,S2280,99,1.0
senate_113_2_282,senate,113,2,282,573,2014-11-18,S2685,99,1.0
senate_113_2_283,senate,113,2,283,574,2014-11-19,PN1613,96,1.0
senate_113_2_284,senate,113,2,284,575,2014-11-19,PN1697,96,1.0
senate_113_2_285,senate,113,2,285,576,2014-11-19,PN1812,95,1.0
senate_113_2_286,senate,113,2,286,577,2014-11-19,PN1774,95,1.0
senate_113_2_287,senate,113,2,287,578,2014-11-19,PN1775,94,1.0
senate_113_2_291,senate,113,2,291,582,2014-12-01,PN1133,85,1.0
senate_113_2_292,senate,113,2,292,583,2014-12-01,PN1150,85,1.0
senate_113_2_295,senate,113,2,295,586,2014-12-02,PN1503,92,1.0
senate_113_2_296,senate,113,2,296,587,2014-12-02,PN1705,91,1.0
senate_113_2_299,senate,113,2,299,590,2014-12-02,PN2028,95,1.0
senate_113_2_300,senate,113,2,300,591,2014-12-02,PN1978,96,1.0
senate_113_2_303,senate,113,2,303,594,2014-12-03,PN1805,95,1.0
senate_113_2_304,senate,113,2,304,595,2014-12-03,PN1776,95,1.0
senate_113_2_305,senate,113,2,305,596,2014-12-03,PN1778,94,1.0
senate_113_2_306,senate,113,2,306,597,2014-12-03,PN1073,95,1.0
senate_113_2_307,senate,113,2,307,598,2014-12-03,PN1255,94,1.0
senate_113_2_309,senate,113,2,309,600,2014-12-04,PN1807,92,1.0
senate_113_2_310,senate,113,2,310,601,2014-12-04,PN1777,91,1.0
senate_113_2_311,senate,113,2,311,602,2014-12-04,PN1565,88,1.0
senate_113_2_313,senate,113,2,313,604,2014-12-04,PN2135,92,1.0
senate_113_2_314,senate,113,2,314,605,2014-12-04,PN2124,92,1.0
senate_113_2_315,senate,113,2,315,606,2014-12-04,PN1069,90,1.0
senate_113_2_318,senate,113,2,318,609,2014-12-09,PN1987,94,1.0
senate_113_2_319,senate,113,2,319,610,2014-12-09,PN1988,95,1.0
senate_113_2_322,senate,113,2,322,613,2014-12-11,HR3979,98,1.0
senate_113_2_352,senate,113,2,352,643,2014-12-13,HR83,95,1.0
senate_113_2_355,senate,113,2,355,646,2014-12-15,PN1160,93,1.0
senate_113_2_357,senate,113,2,357,648,2014-12-15,PN1753,92,1.0
senate_113_2_358,senate,113,2,358,649,2014-12-15,PN1099,92,1.0
senate_113_2_359,senate,113,2,359,650,2014-12-16,PN1996,93,1.0
senate_113_2_361,senate,113,2,361,652,2014-12-16,PN2123,92,1.0
senate_113_2_363,senate,113,2,363,654,2014-12-16,PN1986,92,1.0
senate_113_2_364,senate,113,2,364,655,2014-12-16,HR5771,91,1.0
senate_113_2_365,senate,113,2,365,656,2014-12-16,PN1345,88,1.0
senate_114_1_2,senate,114,1,2,2,2015-01-08,HR26,97,1.0
senate_114_1_29,senate,114,1,29,29,2015-01-26,S1,92,1.0
senate_114_1_30,senate,114,1,30,30,2015-01-26,S1,92,1.0
senate_114_1_45,senate,114,1,45,45,2015-01-29,S1,97,1.0
senate_114_1_49,senate,114,1,49,49,2015-01-29,S1,98,1.0
senate_114_1_50,senate,114,1,50,50,2015-02-03,HR203,99,1.0
senate_114_1_55,senate,114,1,55,55,2015-02-11,S295,98,1.0
senate_114_1_59,senate,114,1,59,59,2015-02-27,HR240,99,1.0
senate_114_1_62,senate,114,1,62,62,2015-02-27,HR240,99,1.0
senate_114_1_64,senate,114,1,64,64,2015-03-02,HR240,90,1.0
senate_114_1_67,senate,114,1,67,67,2015-03-04,SJRES8,99,1.0
senate_114_1_68,senate,114,1,68,68,2015-03-04,S1,99,1.0
senate_114_1_72,senate,114,1,72,72,2015-03-17,S178,98,1.0
senate_114_1_73,senate,114,1,73,73,2015-03-17,S178,98,1.0
senate_114_1_74,senate,114,1,74,74,2015-03-18,S178,98,1.0
senate_114_1_75,senate,114,1,75,75,2015-03-19,S178,98,1.0
senate_114_1_76,senate,114,1,76,76,2015-03-19,S178,98,1.0
senate_114_1_144,senate,114,1,144,144,2015-04-14,HR2,100,1.0
senate_114_1_163,senate,114,1,163,163,2015-04-22,S178,99,1.0
senate_114_1_164,senate,114,1,164,164,2015-04-23,PN4,100,1.0
senate_114_1_171,senate,114,1,171,171,2015-05-05,SCONRES11,99,1.0
senate_114_1_173,senate,114,1,173,173,2015-05-07,HR1191,99,1.0
senate_114_1_174,senate,114,1,174,174,2015-05-07,HR1191,99,1.0
senate_114_1_178,senate,114,1,178,178,2015-05-14,HR1295,98,1.0
senate_114_1_179,senate,114,1,179,179,2015-05-14,HR644,98,1.0
senate_114_1_183,senate,114,1,183,183,2015-05-21,HR1314,100,1.0
senate_114_1_192,senate,114,1,192,192,2015-05-22,HR1314,99,1.0
senate_114_1_193,senate,114,1,193,193,2015-05-22,HR1314,99,1.0
senate_114_1_197,senate,114,1,197,197,2015-06-02,HR2048,97,1.0
senate_114_1_201,senate,114,1,201,201,2015-06-02,HR2048,99,1.0
senate_114_1_207,senate,114,1,207,207,2015-06-11,HR1735,96,1.0
senate_114_1_212,senate,114,1,212,212,2015-06-16,HR1735,98,1.0
senate_114_1_214,senate,114,1,214,214,2015-06-17,HR1735,98,1.0
senate_114_1_215,senate,114,1,215,215,2015-06-18,HR1735,96,1.0
senate_114_1_218,senate,114,1,218,218,2015-06-23,HR2146,97,1.0
senate_114_1_220,senate,114,1,220,220,2015-06-24,HR1295,98,1.0
senate_114_1_229,senate,114,1,229,229,2015-07-09,HR1735,96,1.0
senate_114_1_237,senate,114,1,237,237,2015-07-15,S1177,98,1.0
senate_114_1_248,senate,114,1,248,248,2015-07-16,S1177,97,1.0
senate_114_1_249,senate,114,1,249,249,2015-07-16,S1177,98,1.0
senate_114_1_253,senate,114,1,253,253,2015-07-26,HR22,92,1.0
senate_114_1_254,senate,114,1,254,254,2015-07-26,HR22,93,1.0
senate_114_1_257,senate,114,1,257,257,2015-07-27,HR22,94,1.0
senate_114_1_259,senate,114,1,259,259,2015-07-29,HR22,100,1.0
senate_114_1_260,senate,114,1,260,260,2015-07-30,HR22,99,1.0
senate_114_1_261,senate,114,1,261,261,2015-07-30,HR3236,95,1.0
senate_114_1_264,senate,114,1,264,264,2015-09-10,HJRES61,100,1.0
senate_114_1_265,senate,114,1,265,265,2015-09-15,HJRES61,98,1.0
senate_114_1_266,senate,114,1,266,266,2015-09-17,HJRES61,98,1.0
senate_114_1_267,senate,114,1,267,267,2015-09-17,HJRES61,98,1.0
senate_114_1_270,senate,114,1,270,270,2015-09-24,HJRES61,99,1.0
senate_114_1_271,senate,114,1,271,271,2015-09-28,HR719,96,1.0
senate_114_1_275,senate,114,1,275,275,2015-10-06,HR1735,99,1.0
senate_114_1_277,senate,114,1,277,277,2015-10-07,HR1735,97,1.0
senate_114_1_281,senate,114,1,281,281,2015-10-22,S754,97,1.0
senate_114_1_291,senate,114,1,291,291,2015-10-27,S754,95,1.0
senate_114_1_292,senate,114,1,292,292,2015-10-30,HR1314,98,1.0
senate_114_1_297,senate,114,1,297,297,2015-11-04,SJRES22,97,1.0
senate_114_1_302,senate,114,1,302,302,2015-11-10,HR2029,93,1.0
senate_114_1_303,senate,114,1,303,303,2015-11-10,HR22,89,1.0
senate_114_1_306,senate,114,1,306,306,2015-11-17,SJRES24,98,1.0
senate_114_1_307,senate,114,1,307,307,2015-11-17,SJRES23,98,1.0
senate_114_1_308,senate,114,1,308,308,2015-11-18,S1177,97,1.0
senate_114_1_329,senate,114,1,329,329,2015-12-03,HR3762,99,1.0
senate_114_1_331,senate,114,1,331,331,2015-12-03,HR22,99,1.0
senate_114_1_333,senate,114,1,333,333,2015-12-08,S1177,96,1.0
senate_114_1_334,senate,114,1,334,334,2015-12-09,S1177,97,1.0
senate_114_1_336,senate,114,1,336,336,2015-12-18,HR2029,98,1.0
senate_114_2_4,senate,114,2,4,343,2016-01-20,HR4038,98,1.0
senate_114_2_5,senate,114,2,5,344,2016-01-21,SJRES22,92,1.0
senate_114_2_16,senate,114,2,16,355,2016-02-04,S2012,96,1.0
senate_114_2_17,senate,114,2,17,356,2016-02-04,S2012,97,1.0
senate_114_2_20,senate,114,2,20,359,2016-02-10,HR757,96,1.0
senate_114_2_21,senate,114,2,21,360,2016-02-11,HR644,95,1.0
senate_114_2_22,senate,114,2,22,361,2016-02-11,HR644,95,1.0
senate_114_2_24,senate,114,2,24,363,2016-02-22,PN849,86,1.0
senate_114_2_32,senate,114,2,32,371,2016-03-07,S524,89,1.0
senate_114_2_33,senate,114,2,33,372,2016-03-09,S524,96,1.0
senate_114_2_34,senate,114,2,34,373,2016-03-10,S524,95,1.0
senate_114_2_37,senate,114,2,37,376,2016-03-16,S764,97,1.0
senate_114_2_39,senate,114,2,39,378,2016-04-04,S1890,87,1.0
senate_114_2_45,senate,114,2,45,384,2016-04-14,HR636,98,1.0
senate_114_2_46,senate,114,2,46,385,2016-04-18,HR636,94,1.0
senate_114_2_47,senate,114,2,47,386,2016-04-19,HR636,98,1.0
senate_114_2_54,senate,114,2,54,393,2016-04-20,S2012,97,1.0
senate_114_2_64,senate,114,2,64,403,2016-04-27,HR2028,96,1.0
senate_114_2_65,senate,114,2,65,404,2016-04-28,HR2028,95,1.0
senate_114_2_66,senate,114,2,66,405,2016-05-09,HR2028,92,1.0
senate_114_2_67,senate,114,2,67,406,2016-05-11,HR2028,99,1.0
senate_114_2_68,senate,114,2,68,407,2016-05-11,HR2028,99,1.0
senate_114_2_71,senate,114,2,71,410,2016-05-12,HR2028,98,1.0
senate_114_2_73,senate,114,2,73,412,2016-05-17,HR2577,97,1.0
senate_114_2_74,senate,114,2,74,413,2016-05-17,HR2577,97,1.0
senate_114_2_75,senate,114,2,75,414,2016-05-17,HR2577,97,1.0
senate_114_2_78,senate,114,2,78,417,2016-05-19,HR2577,98,1.0
senate_114_2_82,senate,114,2,82,421,2016-05-19,HR2577,97,1.0
senate_114_2_83,senate,114,2,83,422,2016-05-23,S2613,89,1.0
senate_114_2_84,senate,114,2,84,423,2016-05-24,HJRES88,97,1.0
senate_114_2_86,senate,114,2,86,425,2016-05-25,SJRES28,98,1.0
senate_114_2_92,senate,114,2,92,431,2016-06-08,HR2577,95,1.0
senate_114_2_95,senate,114,2,95,434,2016-06-09,S2943,98,1.0
senate_114_2_96,senate,114,2,96,435,2016-06-09,S2943,98,1.0
senate_114_2_97,senate,114,2,97,436,2016-06-10,S2943,91,1.0
senate_114_2_98,senate,114,2,98,437,2016-06-14,S2943,98,1.0
senate_114_2_100,senate,114,2,100,439,2016-06-16,S524,96,1.0
senate_114_2_103,senate,114,2,103,442,2016-06-20,HR2578,100,1.0
senate_114_2_104,senate,114,2,104,443,2016-06-20,HR2578,100,1.0
senate_114_2_105,senate,114,2,105,444,2016-06-20,HR2578,100,1.0
senate_114_2_106,senate,114,2,106,445,2016-06-20,HR2578,100,1.0
senate_114_2_108,senate,114,2,108,447,2016-06-22,HR2578,96,1.0
senate_114_2_112,senate,114,2,112,451,2016-06-28,HR2577,100,1.0
senate_114_2_113,senate,114,2,113,452,2016-06-29,S2328,100,1.0
senate_114_2_121,senate,114,2,121,460,2016-07-06,S764,97,1.0
senate_114_2_125,senate,114,2,125,464,2016-07-12,S2012,87,1.0
senate_114_2_126,senate,114,2,126,465,2016-07-13,S524,92,1.0
senate_114_2_129,senate,114,2,129,468,2016-07-13,S524,94,1.0
senate_114_2_130,senate,114,2,130,469,2016-07-14,S2943,97,1.0
senate_114_2_134,senate,114,2,134,473,2016-07-14,HR2577,96,1.0
senate_114_2_135,senate,114,2,135,474,2016-09-06,HR2577,98,1.0
senate_114_2_138,senate,114,2,138,477,2016-09-12,S2848,91,1.0
senate_114_2_140,senate,114,2,140,479,2016-09-14,S2848,97,1.0
senate_114_2_141,senate,114,2,141,480,2016-09-15,S2848,98,1.0
senate_114_2_143,senate,114,2,143,482,2016-09-19,HR5985,89,1.0
senate_114_2_146,senate,114,2,146,485,2016-09-27,HR5325,100,1.0
senate_114_2_147,senate,114,2,147,486,2016-09-27,HR5325,99,1.0
senate_114_2_148,senate,114,2,148,487,2016-09-28,S2040,98,1.0
senate_114_2_149,senate,114,2,149,488,2016-09-28,HR5325,98,1.0
senate_114_2_150,senate,114,2,150,489,2016-09-28,HR5325,98,1.0
senate_114_2_151,senate,114,2,151,490,2016-09-28,HR5325,98,1.0
senate_114_2_152,senate,114,2,152,491,2016-11-15,HR4511,97,1.0
senate_114_2_154,senate,114,2,154,493,2016-11-29,S2873,97,1.0
senate_114_2_155,senate,114,2,155,494,2016-12-01,HR6297,99,1.0
senate_114_2_156,senate,114,2,156,495,2016-12-05,HR34,98,1.0
senate_114_2_158,senate,114,2,158,497,2016-12-07,S2943,99,1.0
senate_114_2_159,senate,114,2,159,498,2016-12-08,S2943,99,1.0
senate_114_2_160,senate,114,2,160,499,2016-12-09,HR2028,99,1.0
senate_114_2_162,senate,114,2,162,501,2016-12-10,S612,99,1.0
senate_115_1_27,senate,115,1,27,27,2017-01-12,S84,98,1.0
senate_115_1_28,senate,115,1,28,28,2017-01-17,HR72,99,1.0
senate_115_1_34,senate,115,1,34,34,2017-01-30,PN25,99,1.0
senate_115_1_43,senate,115,1,43,43,2017-02-02,HJRES38,99,1.0
senate_115_1_51,senate,115,1,51,51,2017-02-03,HJRES41,99,1.0
senate_115_1_52,senate,115,1,52,52,2017-02-03,PN37,100,1.0
senate_115_1_55,senate,115,1,55,55,2017-02-07,PN30,99,1.0
senate_115_1_60,senate,115,1,60,60,2017-02-08,PN33,99,1.0
senate_115_1_62,senate,115,1,62,62,2017-02-10,PN26,99,1.0
senate_115_1_66,senate,115,1,66,66,2017-02-15,HJRES40,100,1.0
senate_115_1_67,senate,115,1,67,67,2017-02-15,PN54,100,1.0
senate_115_1_69,senate,115,1,69,69,2017-02-16,PN44,100,1.0
senate_115_1_72,senate,115,1,72,72,2017-02-17,PN32,97,1.0
senate_115_1_74,senate,115,1,74,74,2017-02-27,PN31,98,1.0
senate_115_1_76,senate,115,1,76,76,2017-03-01,PN34,99,1.0
senate_115_1_78,senate,115,1,78,78,2017-03-02,PN36,99,1.0
senate_115_1_81,senate,115,1,81,81,2017-03-06,HJRES37,97,1.0
senate_115_1_82,senate,115,1,82,82,2017-03-07,HJRES44,99,1.0
senate_115_1_83,senate,115,1,83,83,2017-03-08,HJRES58,99,1.0
senate_115_1_84,senate,115,1,84,84,2017-03-09,HJRES57,99,1.0
senate_115_1_85,senate,115,1,85,85,2017-03-09,PN49,98,1.0
senate_115_1_87,senate,115,1,87,87,2017-03-14,HJRES42,99,1.0
senate_115_1_88,senate,115,1,88,88,2017-03-15,PN41,99,1.0
senate_115_1_92,senate,115,1,92,92,2017-03-21,HJRES69,99,1.0
senate_115_1_93,senate,115,1,93,93,2017-03-22,HJRES83,98,1.0
senate_115_1_94,senate,115,1,94,94,2017-03-23,SJRES34,98,1.0
senate_115_1_95,senate,115,1,95,95,2017-03-23,PN53,98,1.0
senate_115_1_97,senate,115,1,97,97,2017-03-27,TREATYDOC11412,98,1.0
senate_115_1_99,senate,115,1,99,99,2017-03-30,HJRES67,99,1.0
senate_115_1_101,senate,115,1,101,101,2017-03-30,HJRES43,100,1.0
senate_115_1_102,senate,115,1,102,102,2017-04-03,S89,97,1.0
senate_115_1_105,senate,115,1,105,105,2017-04-06,PN55,100,1.0
senate_115_1_110,senate,115,1,110,110,2017-04-06,PN55,100,1.0
senate_115_1_113,senate,115,1,113,113,2017-04-24,PN56,98,1.0
senate_115_1_115,senate,115,1,115,115,2017-04-26,PN88,100,1.0
senate_115_1_117,senate,115,1,117,117,2017-05-01,PN47,96,1.0
senate_115_1_120,senate,115,1,120,120,2017-05-03,HJRES66,99,1.0
senate_115_1_123,senate,115,1,123,123,2017-05-08,PN118,98,1.0
senate_115_1_126,senate,115,1,126,126,2017-05-11,PN42,96,1.0
senate_115_1_128,senate,115,1,128,128,2017-05-15,PN102,94,1.0
senate_115_1_130,senate,115,1,130,130,2017-05-17,PN57,98,1.0
senate_115_1_132,senate,115,1,132,132,2017-05-18,PN52,98,1.0
senate_115_1_134,senate,115,1,134,134,2017-05-23,PN350,99,1.0
senate_115_1_136,senate,115,1,136,136,2017-05-24,PN105,100,1.0
senate_115_1_140,senate,115,1,140,140,2017-06-07,S722,99,0.98989898989899
senate_115_1_147,senate,115,1,147,147,2017-06-15,S722,100,1.0
senate_115_1_149,senate,115,1,149,149,2017-06-20,PN172,99,1.0
senate_115_1_151,senate,115,1,151,151,2017-06-21,PN366,99,1.0
senate_115_1_153,senate,115,1,153,153,2017-06-22,PN561,99,1.0
senate_115_1_155,senate,115,1,155,155,2017-06-29,PN478,95,1.0
senate_115_1_157,senate,115,1,157,157,2017-07-10,PN373,97,1.0
senate_115_1_159,senate,115,1,159,159,2017-07-12,PN117,100,1.0
senate_115_1_161,senate,115,1,161,161,2017-07-17,PN583,94,1.0
senate_115_1_163,senate,115,1,163,163,2017-07-19,PN370,99,1.0
senate_115_1_165,senate,115,1,165,165,2017-07-20,PN365,95,1.0
senate_115_1_175,senate,115,1,175,175,2017-07-27,HR3364,100,1.0
senate_115_1_180,senate,115,1,180,180,2017-07-31,PN372,94,1.0
senate_115_1_183,senate,115,1,183,183,2017-08-02,PN681,98,1.0
senate_115_1_187,senate,115,1,187,187,2017-08-03,HR2430,95,1.0
senate_115_1_191,senate,115,1,191,191,2017-09-07,HR601,97,1.0
senate_115_1_197,senate,115,1,197,197,2017-09-14,HR2810,93,1.0
senate_115_1_198,senate,115,1,198,198,2017-09-18,HR2810,97,1.0
senate_115_1_199,senate,115,1,199,199,2017-09-18,HR2810,97,1.0
senate_115_1_200,senate,115,1,200,200,2017-09-19,PN299,96,1.0
senate_115_1_202,senate,115,1,202,202,2017-09-19,PN725,93,1.0
senate_115_1_206,senate,115,1,206,206,2017-09-28,PN586,96,1.0
senate_115_1_208,senate,115,1,208,208,2017-09-28,PN89,96,1.0
senate_115_1_210,senate,115,1,210,210,2017-10-04,PN248,95,1.0
senate_115_1_212,senate,115,1,212,212,2017-10-04,PN734,95,1.0
senate_115_1_214,senate,115,1,214,214,2017-10-05,PN352,97,1.0
senate_115_1_216,senate,115,1,216,216,2017-10-05,PN523,95,1.0
senate_115_1_246,senate,115,1,246,246,2017-10-23,HR2266,95,1.0
senate_115_1_249,senate,115,1,249,249,2017-10-24,HJRES111,100,1.0
senate_115_1_250,senate,115,1,250,250,2017-10-25,PN374,97,1.0
senate_115_1_252,senate,115,1,252,252,2017-10-26,PN589,97,1.0
senate_115_1_254,senate,115,1,254,254,2017-10-30,PN369,96,1.0
senate_115_1_256,senate,115,1,256,256,2017-10-31,PN371,98,1.0
senate_115_1_258,senate,115,1,258,258,2017-11-01,PN585,98,1.0
senate_115_1_260,senate,115,1,260,260,2017-11-02,PN679,97,1.0
senate_115_1_263,senate,115,1,263,263,2017-11-07,PN58,98,1.0
senate_115_1_265,senate,115,1,265,265,2017-11-07,PN1025,98,1.0
senate_115_1_267,senate,115,1,267,267,2017-11-08,PN994,95,1.0
senate_115_1_269,senate,115,1,269,269,2017-11-09,PN458,96,1.0
senate_115_1_271,senate,115,1,271,271,2017-11-13,PN558,97,1.0
senate_115_1_273,senate,115,1,273,273,2017-11-14,PN919,97,1.0
senate_115_1_276,senate,115,1,276,276,2017-11-15,PN556,98,1.0
senate_115_1_278,senate,115,1,278,278,2017-11-16,PN875,97,1.0
senate_115_1_279,senate,115,1,279,279,2017-11-16,PN587,97,1.0
senate_115_1_282,senate,115,1,282,282,2017-11-27,PN999,100,1.0
senate_115_1_303,senate,115,1,303,303,2017-12-02,HR1,100,1.0
senate_115_1_304,senate,115,1,304,304,2017-12-04,PN1095,92,1.0
senate_115_1_311,senate,115,1,311,311,2017-12-07,HJRES123,95,1.0
senate_115_1_312,senate,115,1,312,312,2017-12-11,PN878,95,1.0
senate_115_1_314,senate,115,1,314,314,2017-12-12,PN1077,98,1.0
senate_115_1_316,senate,115,1,316,316,2017-12-13,PN1108,97,1.0
senate_115_2_2,senate,115,2,2,327,2018-01-08,PN748,90,1.0
senate_115_2_4,senate,115,2,4,329,2018-01-09,PN752,97,1.0
senate_115_2_6,senate,115,2,6,331,2018-01-10,PN747,98,1.0
senate_115_2_8,senate,115,2,8,333,2018-01-11,PN1015,91,1.0
senate_115_2_11,senate,115,2,11,336,2018-01-16,S139,98,1.0
senate_115_2_14,senate,115,2,14,339,2018-01-19,HR195,99,1.0
senate_115_2_16,senate,115,2,16,341,2018-01-22,HR195,99,1.0
senate_115_2_18,senate,115,2,18,343,2018-01-23,PN1353,96,1.0
senate_115_2_20,senate,115,2,20,345,2018-01-23,PN1371,97,1.0
senate_115_2_22,senate,115,2,22,347,2018-01-24,PN1341,98,1.0
senate_115_2_26,senate,115,2,26,351,2018-01-29,PN1423,98,1.0
senate_115_2_29,senate,115,2,29,354,2018-02-08,HR695,99,1.0
senate_115_2_30,senate,115,2,30,355,2018-02-09,HR1892,99,1.0
senate_115_2_33,senate,115,2,33,358,2018-02-15,HR2579,99,1.0
senate_115_2_34,senate,115,2,34,359,2018-02-15,HR2579,99,1.0
senate_115_2_35,senate,115,2,35,360,2018-02-15,HR2579,99,1.0
senate_115_2_36,senate,115,2,36,361,2018-02-15,HR2579,99,1.0
senate_115_2_37,senate,115,2,37,362,2018-02-26,PN1404,94,1.0
senate_115_2_39,senate,115,2,39,364,2018-02-27,PN367,97,1.0
senate_115_2_41,senate,115,2,41,366,2018-02-28,PN884,98,1.0
senate_115_2_43,senate,115,2,43,368,2018-03-01,PN992,97,1.0
senate_115_2_44,senate,115,2,44,369,2018-03-01,PN755,97,1.0
senate_115_2_45,senate,115,2,45,370,2018-03-01,PN876,96,1.0
senate_115_2_48,senate,115,2,48,373,2018-03-06,S2155,99,1.0
senate_115_2_50,senate,115,2,50,375,2018-03-12,S2155,96,1.0
senate_115_2_52,senate,115,2,52,377,2018-03-14,S2155,98,1.0
senate_115_2_54,senate,115,2,54,379,2018-03-14,S2155,98,1.0
senate_115_2_55,senate,115,2,55,380,2018-03-14,PN1373,98,1.0
senate_115_2_60,senate,115,2,60,385,2018-03-21,HR1865,99,1.0
senate_115_2_62,senate,115,2,62,387,2018-03-23,HR1625,97,1.0
senate_115_2_64,senate,115,2,64,389,2018-04-09,PN596,98,1.0
senate_115_2_66,senate,115,2,66,391,2018-04-10,PN1443,97,1.0
senate_115_2_68,senate,115,2,68,393,2018-04-11,PN1395,98,1.0
senate_115_2_70,senate,115,2,70,395,2018-04-12,PN1426,98,1.0
senate_115_2_72,senate,115,2,72,397,2018-04-12,PN988,98,1.0
senate_115_2_73,senate,115,2,73,398,2018-04-12,PN989,96,1.0
senate_115_2_74,senate,115,2,74,399,2018-04-16,S140,96,1.0
senate_115_2_76,senate,115,2,76,401,2018-04-18,SJRES57,98,1.0
senate_115_2_77,senate,115,2,77,402,2018-04-18,S140,98,1.0
senate_115_2_78,senate,115,2,78,403,2018-04-18,PN1359,98,1.0
senate_115_2_81,senate,115,2,81,406,2018-04-23,PN1410,94,1.0
senate_115_2_83,senate,115,2,83,408,2018-04-26,PN1761,99,1.0
senate_115_2_86,senate,115,2,86,411,2018-05-07,PN1411,95,1.0
senate_115_2_88,senate,115,2,88,413,2018-05-09,PN1405,96,1.0
senate_115_2_90,senate,115,2,90,415,2018-05-10,PN1330,95,1.0
senate_115_2_91,senate,115,2,91,416,2018-05-10,PN1526,95,1.0
senate_115_2_97,senate,115,2,97,422,2018-05-16,SJRES52,99,1.0
senate_115_2_100,senate,115,2,100,425,2018-05-17,PN1857,98,1.0
senate_115_2_102,senate,115,2,102,427,2018-05-21,PN1358,94,1.0
senate_115_2_104,senate,115,2,104,429,2018-05-22,S2372,95,1.0
senate_115_2_107,senate,115,2,107,432,2018-05-23,PN1351,97,1.0
senate_115_2_108,senate,115,2,108,433,2018-05-23,PN1516,96,1.0
senate_115_2_110,senate,115,2,110,435,2018-05-24,PN1382,93,1.0
senate_115_2_112,senate,115,2,112,437,2018-06-04,PN886,91,1.0
senate_115_2_114,senate,115,2,114,439,2018-06-05,PN991,95,1.0
senate_115_2_116,senate,115,2,116,441,2018-06-05,PN1400,95,1.0
senate_115_2_123,senate,115,2,123,448,2018-06-14,HR5515,97,1.0
senate_115_2_124,senate,115,2,124,449,2018-06-14,HR5515,97,1.0
senate_115_2_126,senate,115,2,126,451,2018-06-14,HR5515,96,1.0
senate_115_2_128,senate,115,2,128,453,2018-06-18,HR5515,95,1.0
senate_115_2_139,senate,115,2,139,464,2018-06-25,HR5895,91,1.0
senate_115_2_143,senate,115,2,143,468,2018-06-28,HR2,97,1.0
senate_115_2_144,senate,115,2,144,469,2018-07-09,PN1642,97,1.0
senate_115_2_146,senate,115,2,146,471,2018-07-10,PN1402,99,1.0
senate_115_2_153,senate,115,2,153,478,2018-07-11,PN1438,99,1.0
senate_115_2_157,senate,115,2,157,482,2018-07-17,PN1354,99,1.0
senate_115_2_159,senate,115,2,159,484,2018-07-17,PN1645,99,1.0
senate_115_2_161,senate,115,2,161,486,2018-07-18,PN1403,99,1.0
senate_115_2_172,senate,115,2,172,497,2018-07-30,PN1808,96,1.0
senate_115_2_175,senate,115,2,175,500,2018-07-31,HR6147,98,1.0
senate_115_2_180,senate,115,2,180,505,2018-08-01,HR6147,98,1.0
senate_115_2_181,senate,115,2,181,506,2018-08-01,HR5515,97,1.0
senate_115_2_182,senate,115,2,182,507,2018-08-15,PN1895,89,1.0
senate_115_2_184,senate,115,2,184,509,2018-08-16,PN1897,90,1.0
senate_115_2_190,senate,115,2,190,515,2018-08-23,HR6157,96,1.0
senate_115_2_193,senate,115,2,193,518,2018-08-23,HR6157,92,1.0
senate_115_2_194,senate,115,2,194,519,2018-08-27,PN602,88,1.0
senate_115_2_196,senate,115,2,196,521,2018-08-28,PN1861,95,1.0
senate_115_2_201,senate,115,2,201,526,2018-09-04,PN2047,97,1.0
senate_115_2_205,senate,115,2,205,530,2018-09-12,PN1620,97,1.0
senate_115_2_207,senate,115,2,207,532,2018-09-12,HR5895,97,1.0
senate_115_2_209,senate,115,2,209,534,2018-09-17,S2554,100,1.0
senate_115_2_210,senate,115,2,210,535,2018-09-17,HR6,100,1.0
senate_115_2_211,senate,115,2,211,536,2018-09-18,HR6157,100,1.0
senate_115_2_212,senate,115,2,212,537,2018-09-18,HR6157,100,1.0
senate_115_2_214,senate,115,2,214,539,2018-09-24,PN2048,94,1.0
senate_115_2_216,senate,115,2,216,541,2018-09-25,PN2073,99,1.0
senate_115_2_219,senate,115,2,219,544,2018-10-01,HR302,97,1.0
senate_115_2_222,senate,115,2,222,547,2018-10-05,PN2259,100,1.0
senate_115_2_224,senate,115,2,224,549,2018-10-09,S3021,99,1.0
senate_115_2_226,senate,115,2,226,551,2018-10-10,SJRES63,100,1.0
senate_115_2_227,senate,115,2,227,552,2018-10-10,PN1407,97,1.0
senate_115_2_229,senate,115,2,229,554,2018-10-11,PN1409,97,1.0
senate_115_2_240,senate,115,2,240,565,2018-11-13,S140,98,1.0
senate_115_2_242,senate,115,2,242,567,2018-11-14,PN1860,99,1.0
senate_115_2_245,senate,115,2,245,570,2018-11-26,PN889,94,1.0
senate_115_2_247,senate,115,2,247,572,2018-11-27,PN2049,99,1.0
senate_115_2_249,senate,115,2,249,574,2018-11-28,PN1412,100,1.0
senate_115_2_251,senate,115,2,251,576,2018-11-29,PN2117,98,1.0
senate_115_2_252,senate,115,2,252,577,2018-11-29,PN2170,99,1.0
senate_115_2_253,senate,115,2,253,578,2018-12-05,PN2556,99,1.0
senate_115_2_256,senate,115,2,256,581,2018-12-10,PN1803,98,1.0
senate_115_2_259,senate,115,2,259,584,2018-12-11,HR2,100,1.0
senate_115_2_260,senate,115,2,260,585,2018-12-12,SJRES64,99,1.0
senate_115_2_266,senate,115,2,266,591,2018-12-13,SJRES54,97,1.0
senate_115_2_267,senate,115,2,267,592,2018-12-17,S756,94,1.0
senate_115_2_272,senate,115,2,272,597,2018-12-19,PN2209,96,1.0
senate_116_1_6,senate,116,1,6,6,2019-01-16,SJRES2,99,1.0
senate_116_1_9,senate,116,1,9,9,2019-01-24,HR268,97,1.0
senate_116_1_10,senate,116,1,10,10,2019-01-24,HR268,96,1.0
senate_116_1_13,senate,116,1,13,13,2019-01-31,S1,91,1.0
senate_116_1_15,senate,116,1,15,15,2019-02-04,S1,96,1.0
senate_116_1_16,senate,116,1,16,16,2019-02-05,S1,100,1.0
senate_116_1_21,senate,116,1,21,21,2019-02-11,S47,94,1.0
senate_116_1_22,senate,116,1,22,22,2019-02-12,S47,100,1.0
senate_116_1_23,senate,116,1,23,23,2019-02-12,PN17,99,1.0
senate_116_1_25,senate,116,1,25,25,2019-02-14,HJRES31,99,1.0
senate_116_1_26,senate,116,1,26,26,2019-02-14,HJRES31,99,1.0
senate_116_1_28,senate,116,1,28,28,2019-02-25,PN239,97,1.0
senate_116_1_30,senate,116,1,30,30,2019-02-26,PN89,99,1.0
senate_116_1_32,senate,116,1,32,32,2019-02-27,PN22,98,1.0
senate_116_1_34,senate,116,1,34,34,2019-03-04,PN251,95,1.0
senate_116_1_36,senate,116,1,36,36,2019-03-05,PN248,98,1.0
senate_116_1_38,senate,116,1,38,38,2019-03-06,PN242,99,1.0
senate_116_1_41,senate,116,1,41,41,2019-03-11,PN236,94,1.0
senate_116_1_43,senate,116,1,43,43,2019-03-12,PN247,99,1.0
senate_116_1_45,senate,116,1,45,45,2019-03-13,PN171,98,1.0
senate_116_1_48,senate,116,1,48,48,2019-03-13,SJRES7,100,1.0
senate_116_1_49,senate,116,1,49,49,2019-03-14,HJRES46,100,1.0
senate_116_1_50,senate,116,1,50,50,2019-03-25,PN213,97,1.0
senate_116_1_52,senate,116,1,52,52,2019-03-26,SJRES8,57,1.0
senate_116_1_53,senate,116,1,53,53,2019-03-26,HR268,100,1.0
senate_116_1_55,senate,116,1,55,55,2019-04-01,HR268,93,1.0
senate_116_1_56,senate,116,1,56,56,2019-04-01,HR268,94,1.0
senate_116_1_58,senate,116,1,58,58,2019-04-03,PN92,98,1.0
senate_116_1_60,senate,116,1,60,60,2019-04-03,PN211,99,1.0
senate_116_1_63,senate,116,1,63,63,2019-04-04,PN1,99,1.0
senate_116_1_65,senate,116,1,65,65,2019-04-09,PN228,97,1.0
senate_116_1_67,senate,116,1,67,67,2019-04-09,PN258,99,1.0
senate_116_1_69,senate,116,1,69,69,2019-04-09,PN179,100,1.0
senate_116_1_72,senate,116,1,72,72,2019-04-10,PN222,99,1.0
senate_116_1_74,senate,116,1,74,74,2019-04-10,PN240,98,1.0
senate_116_1_76,senate,116,1,76,76,2019-04-10,PN503,97,1.0
senate_116_1_78,senate,116,1,78,78,2019-04-29,PN75,95,1.0
senate_116_1_80,senate,116,1,80,80,2019-04-30,PN116,99,1.0
senate_116_1_82,senate,116,1,82,82,2019-04-30,PN150,99,1.0
senate_116_1_84,senate,116,1,84,84,2019-04-30,PN217,98,1.0
senate_116_1_86,senate,116,1,86,86,2019-05-01,PN223,99,1.0
senate_116_1_88,senate,116,1,88,88,2019-05-01,PN250,99,1.0
senate_116_1_89,senate,116,1,89,89,2019-05-01,PN212,99,1.0
senate_116_1_90,senate,116,1,90,90,2019-05-01,PN257,99,1.0
senate_116_1_94,senate,116,1,94,94,2019-05-02,SJRES7,98,1.0
senate_116_1_95,senate,116,1,95,95,2019-05-06,PN220,91,1.0
senate_116_1_96,senate,116,1,96,96,2019-05-07,PN55,99,1.0
senate_116_1_97,senate,116,1,97,97,2019-05-07,PN47,98,1.0
senate_116_1_98,senate,116,1,98,98,2019-05-07,PN54,98,1.0
senate_116_1_103,senate,116,1,103,103,2019-05-08,PN173,96,1.0
senate_116_1_105,senate,116,1,105,105,2019-05-08,PN245,94,1.0
senate_116_1_107,senate,116,1,107,107,2019-05-13,PN253,92,1.0
senate_116_1_109,senate,116,1,109,109,2019-05-14,PN373,95,1.0
senate_116_1_111,senate,116,1,111,111,2019-05-15,PN254,96,1.0
senate_116_1_112,senate,116,1,112,112,2019-05-15,PN111,95,1.0
senate_116_1_113,senate,116,1,113,113,2019-05-15,PN526,96,1.0
senate_116_1_117,senate,116,1,117,117,2019-05-20,PN372,94,1.0
senate_116_1_119,senate,116,1,119,119,2019-05-21,PN244,99,1.0
senate_116_1_120,senate,116,1,120,120,2019-05-21,PN226,98,1.0
senate_116_1_121,senate,116,1,121,121,2019-05-21,PN243,97,1.0
senate_116_1_122,senate,116,1,122,122,2019-05-21,PN218,98,1.0
senate_116_1_127,senate,116,1,127,127,2019-05-23,S151,98,1.0
senate_116_1_129,senate,116,1,129,129,2019-05-23,HR2157,93,1.0
senate_116_1_131,senate,116,1,131,131,2019-06-03,PN94,91,1.0
senate_116_1_134,senate,116,1,134,134,2019-06-04,PN139,93,1.0
senate_116_1_135,senate,116,1,135,135,2019-06-04,PN18,91,1.0
senate_116_1_136,senate,116,1,136,136,2019-06-04,PN19,93,1.0
senate_116_1_140,senate,116,1,140,140,2019-06-05,PN74,93,1.0
senate_116_1_142,senate,116,1,142,142,2019-06-05,PN231,93,1.0
senate_116_1_143,senate,116,1,143,143,2019-06-05,PN210,93,1.0
senate_116_1_144,senate,116,1,144,144,2019-06-05,PN230,89,1.0
senate_116_1_148,senate,116,1,148,148,2019-06-10,PN241,96,1.0
senate_116_1_150,senate,116,1,150,150,2019-06-11,PN216,96,1.0
senate_116_1_151,senate,116,1,151,151,2019-06-11,PN237,96,1.0
senate_116_1_152,senate,116,1,152,152,2019-06-11,PN252,96,1.0
senate_116_1_153,senate,116,1,153,153,2019-06-11,PN215,96,1.0
senate_116_1_154,senate,116,1,154,154,2019-06-11,PN221,96,1.0
senate_116_1_160,senate,116,1,160,160,2019-06-12,PN141,97,1.0
senate_116_1_163,senate,116,1,163,163,2019-06-13,PN118,99,1.0
senate_116_1_166,senate,116,1,166,166,2019-06-18,PN113,96,1.0
senate_116_1_168,senate,116,1,168,168,2019-06-18,PN233,96,1.0
senate_116_1_169,senate,116,1,169,169,2019-06-18,PN256,96,1.0
senate_116_1_170,senate,116,1,170,170,2019-06-18,PN225,96,1.0
senate_116_1_171,senate,116,1,171,171,2019-06-18,PN203,96,1.0
senate_116_1_177,senate,116,1,177,177,2019-06-20,SJRES36,98,1.0
senate_116_1_178,senate,116,1,178,178,2019-06-20,SJRES38,98,1.0
senate_116_1_179,senate,116,1,179,179,2019-06-20,SJRES48,96,1.0
senate_116_1_182,senate,116,1,182,182,2019-06-26,HR3401,92,1.0
senate_116_1_185,senate,116,1,185,185,2019-06-26,HR3401,92,1.0
senate_116_1_186,senate,116,1,186,186,2019-06-27,S1790,94,1.0
senate_116_1_188,senate,116,1,188,188,2019-06-27,S1790,94,1.0
senate_116_1_190,senate,116,1,190,190,2019-07-08,PN370,92,1.0
senate_116_1_192,senate,116,1,192,192,2019-07-09,PN255,98,1.0
senate_116_1_193,senate,116,1,193,193,2019-07-09,PN234,98,1.0
senate_116_1_194,senate,116,1,194,194,2019-07-09,PN246,98,1.0
senate_116_1_198,senate,116,1,198,198,2019-07-10,PN345,95,1.0
senate_116_1_199,senate,116,1,199,199,2019-07-10,PN177,95,1.0
senate_116_1_202,senate,116,1,202,202,2019-07-11,PN80,92,1.0
senate_116_1_204,senate,116,1,204,204,2019-07-15,PN725,93,1.0
senate_116_1_206,senate,116,1,206,206,2019-07-16,TREATYDOC1134,95,1.0
senate_116_1_213,senate,116,1,213,213,2019-07-17,PN227,96,1.0
senate_116_1_214,senate,116,1,214,214,2019-07-17,PN108,96,1.0
senate_116_1_215,senate,116,1,215,215,2019-07-17,PN143,95,1.0
senate_116_1_219,senate,116,1,219,219,2019-07-22,PN934,91,1.0
senate_116_1_221,senate,116,1,221,221,2019-07-23,PN613,97,1.0
senate_116_1_224,senate,116,1,224,224,2019-07-23,HR1327,99,1.0
senate_116_1_226,senate,116,1,226,226,2019-07-24,PN219,92,1.0
senate_116_1_227,senate,116,1,227,227,2019-07-24,PN224,91,1.0
senate_116_1_231,senate,116,1,231,231,2019-07-29,SJRES36,85,1.0
senate_116_1_232,senate,116,1,232,232,2019-07-29,SJRES37,84,1.0
senate_116_1_233,senate,116,1,233,233,2019-07-29,SJRES38,87,1.0
senate_116_1_234,senate,116,1,234,234,2019-07-29,PN206,88,1.0
senate_116_1_235,senate,116,1,235,235,2019-07-29,PN208,87,1.0
senate_116_1_238,senate,116,1,238,238,2019-07-30,PN204,90,1.0
senate_116_1_240,senate,116,1,240,240,2019-07-30,PN205,90,1.0
senate_116_1_242,senate,116,1,242,242,2019-07-30,PN207,88,1.0
senate_116_1_243,senate,116,1,243,243,2019-07-30,PN510,88,1.0
senate_116_1_244,senate,116,1,244,244,2019-07-30,PN512,88,1.0
senate_116_1_245,senate,116,1,245,245,2019-07-30,PN453,88,1.0
senate_116_1_246,senate,116,1,246,246,2019-07-30,PN524,88,1.0
senate_116_1_247,senate,116,1,247,247,2019-07-30,PN566,88,1.0
senate_116_1_248,senate,116,1,248,248,2019-07-30,PN454,88,1.0
senate_116_1_249,senate,116,1,249,249,2019-07-30,PN780,88,1.0
senate_116_1_250,senate,116,1,250,250,2019-07-30,PN782,88,1.0
senate_116_1_251,senate,116,1,251,251,2019-07-30,PN727,88,1.0
senate_116_1_252,senate,116,1,252,252,2019-07-30,PN712,90,1.0
senate_116_1_261,senate,116,1,261,261,2019-08-01,HR3877,94,1.0
senate_116_1_262,senate,116,1,262,262,2019-08-01,HR3877,95,1.0
senate_116_1_263,senate,116,1,263,263,2019-09-09,PN713,92,1.0
senate_116_1_265,senate,116,1,265,265,2019-09-10,PN88,94,1.0
senate_116_1_267,senate,116,1,267,267,2019-09-10,PN104,94,1.0
senate_116_1_268,senate,116,1,268,268,2019-09-10,PN448,94,1.0
senate_116_1_269,senate,116,1,269,269,2019-09-10,PN631,94,1.0
senate_116_1_273,senate,116,1,273,273,2019-09-11,PN561,93,1.0
senate_116_1_274,senate,116,1,274,274,2019-09-11,PN611,93,1.0
senate_116_1_275,senate,116,1,275,275,2019-09-11,PN505,94,1.0
senate_116_1_282,senate,116,1,282,282,2019-09-16,PN135,82,1.0
senate_116_1_284,senate,116,1,284,284,2019-09-17,PN127,92,1.0
senate_116_1_286,senate,116,1,286,286,2019-09-17,PN119,93,1.0
senate_116_1_287,senate,116,1,287,287,2019-09-17,PN795,94,1.0
senate_116_1_288,senate,116,1,288,288,2019-09-17,PN794,92,1.0
senate_116_1_292,senate,116,1,292,292,2019-09-18,HR2740,95,1.0
senate_116_1_293,senate,116,1,293,293,2019-09-18,S1790,94,1.0
senate_116_1_294,senate,116,1,294,294,2019-09-23,PN408,88,1.0
senate_116_1_295,senate,116,1,295,295,2019-09-24,PN114,92,1.0
senate_116_1_296,senate,116,1,296,296,2019-09-24,PN552,91,1.0
senate_116_1_297,senate,116,1,297,297,2019-09-24,PN87,91,1.0
senate_116_1_302,senate,116,1,302,302,2019-09-25,SJRES54,95,1.0
senate_116_1_308,senate,116,1,308,308,2019-09-25,PN585,94,1.0
senate_116_1_309,senate,116,1,309,309,2019-09-25,PN1099,94,1.0
senate_116_1_311,senate,116,1,311,311,2019-09-26,HR4378,97,0.9896907216494846
senate_116_1_314,senate,116,1,314,314,2019-10-15,PN1042,91,1.0
senate_116_1_315,senate,116,1,315,315,2019-10-16,PN559,90,1.0
senate_116_1_316,senate,116,1,316,316,2019-10-16,PN722,90,1.0
senate_116_1_317,senate,116,1,317,317,2019-10-16,PN525,90,1.0
senate_116_1_318,senate,116,1,318,318,2019-10-16,PN777,88,1.0
senate_116_1_324,senate,116,1,324,324,2019-10-17,SJRES53,94,1.0
senate_116_1_325,senate,116,1,325,325,2019-10-17,SJRES54,89,1.0
senate_116_1_326,senate,116,1,326,326,2019-10-21,TREATYDOC1161,86,1.0
senate_116_1_328,senate,116,1,328,328,2019-10-22,PN110,93,1.0
senate_116_1_331,senate,116,1,331,331,2019-10-23,SJRES50,95,1.0
senate_116_1_332,senate,116,1,332,332,2019-10-24,PN898,89,1.0
senate_116_1_337,senate,116,1,337,337,2019-10-30,SJRES52,95,1.0
senate_116_1_338,senate,116,1,338,338,2019-10-30,HR3055,93,1.0
senate_116_1_341,senate,116,1,341,341,2019-10-31,HR3055,93,1.0
senate_116_1_343,senate,116,1,343,343,2019-11-05,PN456,92,1.0
senate_116_1_345,senate,116,1,345,345,2019-11-05,PN1106,93,1.0
senate_116_1_346,senate,116,1,346,346,2019-11-06,PN905,92,1.0
senate_116_1_347,senate,116,1,347,347,2019-11-06,PN729,92,1.0
senate_116_1_349,senate,116,1,349,349,2019-11-06,PN1107,90,1.0
senate_116_1_353,senate,116,1,353,353,2019-11-12,PN410,94,1.0
senate_116_1_355,senate,116,1,355,355,2019-11-13,PN1054,95,1.0
senate_116_1_357,senate,116,1,357,357,2019-11-18,PN1172,91,1.0
senate_116_1_359,senate,116,1,359,359,2019-11-19,PN1171,95,1.0
senate_116_1_361,senate,116,1,361,361,2019-11-20,PN148,95,1.0
senate_116_1_364,senate,116,1,364,364,2019-11-21,HR3055,94,1.0
senate_116_1_366,senate,116,1,366,366,2019-11-21,PN1268,92,1.0
senate_116_1_368,senate,116,1,368,368,2019-12-02,PN776,86,1.0
senate_116_1_370,senate,116,1,370,370,2019-12-03,PN783,92,1.0
senate_116_1_371,senate,116,1,371,371,2019-12-03,PN1056,93,1.0
senate_116_1_372,senate,116,1,372,372,2019-12-03,PN720,91,1.0
senate_116_1_373,senate,116,1,373,373,2019-12-03,PN903,92,1.0
senate_116_1_374,senate,116,1,374,374,2019-12-03,PN853,92,1.0
senate_116_1_375,senate,116,1,375,375,2019-12-04,PN1055,94,1.0
senate_116_1_376,senate,116,1,376,376,2019-12-04,PN1173,93,1.0
senate_116_1_377,senate,116,1,377,377,2019-12-04,PN185,92,1.0
senate_116_1_386,senate,116,1,386,386,2019-12-09,PN1167,88,1.0
senate_116_1_388,senate,116,1,388,388,2019-12-10,PN1175,93,1.0
senate_116_1_389,senate,116,1,389,389,2019-12-10,S2740,93,1.0
senate_116_1_390,senate,116,1,390,390,2019-12-11,HR2333,95,1.0
senate_116_1_392,senate,116,1,392,392,2019-12-11,PN1232,94,1.0
senate_116_1_393,senate,116,1,393,393,2019-12-11,PN1267,93,1.0
senate_116_1_394,senate,116,1,394,394,2019-12-11,PN964,94,1.0
senate_116_1_398,senate,116,1,398,398,2019-12-16,S1790,82,1.0
senate_116_1_400,senate,116,1,400,400,2019-12-17,S1790,94,1.0
senate_116_1_401,senate,116,1,401,401,2019-12-18,PN238,93,1.0
senate_116_1_403,senate,116,1,403,403,2019-12-18,PN1057,94,1.0
senate_116_1_404,senate,116,1,404,404,2019-12-18,PN1053,92,1.0
senate_116_1_405,senate,116,1,405,405,2019-12-18,PN1108,93,1.0
senate_116_1_406,senate,116,1,406,406,2019-12-18,PN1051,93,1.0
senate_116_1_407,senate,116,1,407,407,2019-12-18,PN1169,92,1.0
senate_116_1_408,senate,116,1,408,408,2019-12-18,PN1238,93,1.0
senate_116_1_409,senate,116,1,409,409,2019-12-18,PN784,93,1.0
senate_116_1_410,senate,116,1,410,410,2019-12-18,PN726,93,1.0
senate_116_1_411,senate,116,1,411,411,2019-12-18,PN773,93,1.0
senate_116_1_412,senate,116,1,412,412,2019-12-18,PN511,91,1.0
senate_116_1_413,senate,116,1,413,413,2019-12-19,HR1865,92,1.0
senate_116_1_427,senate,116,1,427,427,2019-12-19,HR1158,93,1.0
senate_116_2_1,senate,116,2,1,429,2020-01-06,PN1039,90,1.0
senate_116_2_3,senate,116,2,3,431,2020-01-08,PN455,94,1.0
senate_116_2_4,senate,116,2,4,432,2020-01-08,PN897,94,1.0
senate_116_2_5,senate,116,2,5,433,2020-01-08,PN966,94,1.0
senate_116_2_9,senate,116,2,9,437,2020-01-09,PN1166,94,1.0
senate_116_2_11,senate,116,2,11,439,2020-01-13,PN1165,83,1.0
senate_116_2_14,senate,116,2,14,442,2020-01-16,HR5430,98,1.0
senate_116_2_35,senate,116,2,35,463,2020-02-10,PN1325,86,1.0
senate_116_2_37,senate,116,2,37,465,2020-02-11,PN1326,92,1.0
senate_116_2_38,senate,116,2,38,466,2020-02-11,PN1327,93,1.0
senate_116_2_39,senate,116,2,39,467,2020-02-11,PN894,93,1.0
senate_116_2_40,senate,116,2,40,468,2020-02-11,PN229,92,1.0
senate_116_2_52,senate,116,2,52,480,2020-02-13,SJRES68,99,1.0
senate_116_2_53,senate,116,2,53,481,2020-02-24,PN854,88,1.0
senate_116_2_55,senate,116,2,55,483,2020-02-25,PN1168,96,1.0
senate_116_2_56,senate,116,2,56,484,2020-02-25,PN1332,96,1.0
senate_116_2_57,senate,116,2,57,485,2020-02-25,S3275,96,1.0
senate_116_2_58,senate,116,2,58,486,2020-02-25,S311,96,1.0
senate_116_2_61,senate,116,2,61,489,2020-02-25,PN365,95,1.0
senate_116_2_66,senate,116,2,66,494,2020-03-05,HR6074,96,1.0
senate_116_2_67,senate,116,2,67,495,2020-03-09,S2657,90,1.0
senate_116_2_68,senate,116,2,68,496,2020-03-09,S2657,87,1.0
senate_116_2_70,senate,116,2,70,498,2020-03-11,HJRES76,94,1.0
senate_116_2_71,senate,116,2,71,499,2020-03-12,PN1498,93,1.0
senate_116_2_76,senate,116,2,76,504,2020-03-18,HR6201,97,1.0
senate_116_2_80,senate,116,2,80,508,2020-03-25,HR748,95,1.0
senate_116_2_82,senate,116,2,82,510,2020-05-06,PN192,89,1.0
senate_116_2_84,senate,116,2,84,512,2020-05-07,SJRES68,92,1.0
senate_116_2_85,senate,116,2,85,513,2020-05-11,PN1155,88,1.0
senate_116_2_87,senate,116,2,87,515,2020-05-12,PN514,92,1.0
senate_116_2_92,senate,116,2,92,520,2020-05-14,HR6172,95,1.0
senate_116_2_93,senate,116,2,93,521,2020-05-18,PN1174,87,1.0
senate_116_2_95,senate,116,2,95,523,2020-05-19,PN1600,92,1.0
senate_116_2_97,senate,116,2,97,525,2020-05-20,PN1438,91,1.0
senate_116_2_98,senate,116,2,98,526,2020-05-20,PN1346,91,1.0
senate_116_2_102,senate,116,2,102,530,2020-05-21,PN1430,92,1.0
senate_116_2_104,senate,116,2,104,532,2020-06-02,PN1604,88,1.0
senate_116_2_106,senate,116,2,106,534,2020-06-02,PN1715,90,1.0
senate_116_2_108,senate,116,2,108,536,2020-06-03,PN1685,91,1.0
senate_116_2_110,senate,116,2,110,538,2020-06-03,PN1440,94,1.0
senate_116_2_112,senate,116,2,112,540,2020-06-04,PN1590,91,1.0
senate_116_2_117,senate,116,2,117,545,2020-06-12,HR1957,83,1.0
senate_116_2_120,senate,116,2,120,548,2020-06-15,HR1957,97,1.0
senate_116_2_121,senate,116,2,121,549,2020-06-17,HR1957,97,1.0
senate_116_2_122,senate,116,2,122,550,2020-06-17,PN1748,97,1.0
senate_116_2_124,senate,116,2,124,552,2020-06-22,PN1749,93,1.0
senate_116_2_130,senate,116,2,130,558,2020-07-02,PN1726,90,1.0
senate_116_2_137,senate,116,2,137,565,2020-07-22,S4049,99,1.0
senate_116_2_139,senate,116,2,139,567,2020-07-23,S4049,99,1.0
senate_116_2_140,senate,116,2,140,568,2020-07-23,S4049,99,1.0
senate_116_2_141,senate,116,2,141,569,2020-07-23,PN1345,91,1.0
senate_116_2_143,senate,116,2,143,571,2020-07-28,PN1347,96,1.0
senate_116_2_144,senate,116,2,144,572,2020-07-28,PN1605,96,1.0
senate_116_2_147,senate,116,2,147,575,2020-07-29,PN1937,97,1.0
senate_116_2_148,senate,116,2,148,576,2020-07-29,PN1690,97,1.0
senate_116_2_150,senate,116,2,150,578,2020-07-29,PN1692,96,1.0
senate_116_2_154,senate,116,2,154,582,2020-08-03,PN1683,91,1.0
senate_116_2_156,senate,116,2,156,584,2020-08-06,PN1599,96,1.0
senate_116_2_158,senate,116,2,158,586,2020-09-08,PN1662,88,1.0
senate_116_2_160,senate,116,2,160,588,2020-09-09,PN1511,95,1.0
senate_116_2_161,senate,116,2,161,589,2020-09-09,PN1713,94,1.0
senate_116_2_163,senate,116,2,163,591,2020-09-09,PN1431,94,1.0
senate_116_2_164,senate,116,2,164,592,2020-09-09,PN775,95,1.0
senate_116_2_168,senate,116,2,168,596,2020-09-10,S178,98,1.0
senate_116_2_169,senate,116,2,169,597,2020-09-14,PN1383,88,1.0
senate_116_2_171,senate,116,2,171,599,2020-09-15,PN1381,94,1.0
senate_116_2_173,senate,116,2,173,601,2020-09-15,PN1531,95,1.0
senate_116_2_174,senate,116,2,174,602,2020-09-15,PN1538,95,1.0
senate_116_2_177,senate,116,2,177,605,2020-09-16,PN1507,95,1.0
senate_116_2_178,senate,116,2,178,606,2020-09-16,PN1439,96,1.0
senate_116_2_181,senate,116,2,181,609,2020-09-16,PN1508,95,1.0
senate_116_2_184,senate,116,2,184,612,2020-09-21,PN1348,89,1.0
senate_116_2_186,senate,116,2,186,614,2020-09-22,PN1691,92,1.0
senate_116_2_188,senate,116,2,188,616,2020-09-22,PN1694,92,1.0
senate_116_2_190,senate,116,2,190,618,2020-09-23,PN1314,96,1.0
senate_116_2_192,senate,116,2,192,620,2020-09-23,PN1922,95,1.0
senate_116_2_196,senate,116,2,196,624,2020-09-29,HR8337,87,1.0
senate_116_2_197,senate,116,2,197,625,2020-09-30,HR8337,93,1.0
senate_116_2_207,senate,116,2,207,635,2020-10-21,S178,94,1.0
senate_116_2_211,senate,116,2,211,639,2020-10-22,PN1663,96,1.0
senate_116_2_222,senate,116,2,222,650,2020-10-25,PN2252,98,1.0
senate_116_2_225,senate,116,2,225,653,2020-11-09,PN1661,84,1.0
senate_116_2_227,senate,116,2,227,655,2020-11-12,PN1919,78,1.0
senate_116_2_229,senate,116,2,229,657,2020-11-16,PN1742,88,1.0
senate_116_2_231,senate,116,2,231,659,2020-11-17,PN2205,95,1.0
senate_116_2_233,senate,116,2,233,661,2020-11-17,PN1422,96,1.0
senate_116_2_234,senate,116,2,234,662,2020-11-17,PN1920,94,1.0
senate_116_2_236,senate,116,2,236,664,2020-11-18,PN1328,92,1.0
senate_116_2_238,senate,116,2,238,666,2020-11-18,PN2208,91,1.0
senate_116_2_240,senate,116,2,240,668,2020-11-30,PN2094,88,1.0
senate_116_2_242,senate,116,2,242,670,2020-12-01,PN1660,93,1.0
senate_116_2_244,senate,116,2,244,672,2020-12-01,PN2023,93,1.0
senate_116_2_246,senate,116,2,246,674,2020-12-02,PN1433,95,1.0
senate_116_2_247,senate,116,2,247,675,2020-12-02,PN1423,95,1.0
senate_116_2_250,senate,116,2,250,678,2020-12-02,S578,96,1.0
senate_116_2_252,senate,116,2,252,680,2020-12-03,PN1913,94,1.0
senate_116_2_254,senate,116,2,254,682,2020-12-07,PN1384,93,1.0
senate_116_2_255,senate,116,2,255,683,2020-12-08,PN2239,95,1.0
senate_116_2_263,senate,116,2,263,691,2020-12-11,HR6395,96,1.0
senate_116_2_264,senate,116,2,264,692,2020-12-11,HR6395,95,1.0
senate_116_2_265,senate,116,2,265,693,2020-12-14,PN2333,92,1.0
senate_116_2_267,senate,116,2,267,695,2020-12-15,PN2247,94,1.0
senate_116_2_269,senate,116,2,269,697,2020-12-16,PN2294,94,1.0
senate_116_2_271,senate,116,2,271,699,2020-12-16,PN2246,94,1.0
senate_116_2_273,senate,116,2,273,701,2020-12-17,PN2209,93,1.0
senate_116_2_275,senate,116,2,275,703,2020-12-19,PN2093,86,1.0
senate_116_2_277,senate,116,2,277,705,2020-12-19,PN1425,86,1.0
senate_116_2_278,senate,116,2,278,706,2020-12-19,PN2029,86,1.0
senate_116_2_279,senate,116,2,279,707,2020-12-19,PN1609,85,1.0
senate_116_2_281,senate,116,2,281,709,2020-12-20,PN1610,88,1.0
senate_116_2_283,senate,116,2,283,711,2020-12-20,PN1380,88,1.0
senate_116_2_287,senate,116,2,287,715,2020-12-21,PN2029,91,1.0
senate_116_2_291,senate,116,2,291,719,2021-01-01,HR6395,91,1.0
senate_116_2_292,senate,116,2,292,720,2021-01-01,HR6395,93,1.0
senate_117_1_4,senate,117,1,4,4,2021-01-21,HR335,89,1.0
senate_117_1_10,senate,117,1,10,10,2021-01-28,PN7813,90,1.0
senate_117_1_60,senate,117,1,60,60,2021-02-22,PN7820,88,1.0
senate_117_1_62,senate,117,1,62,62,2021-02-23,PN7821,90,1.0
senate_117_1_65,senate,117,1,65,65,2021-02-24,PN788,93,1.0
senate_117_1_67,senate,117,1,67,67,2021-02-25,PN785,91,1.0
senate_117_1_69,senate,117,1,69,69,2021-03-01,PN7815,92,1.0
senate_117_1_71,senate,117,1,71,71,2021-03-02,PN7817,92,1.0
senate_117_1_110,senate,117,1,110,110,2021-03-06,HR1319,92,1.0
senate_117_1_111,senate,117,1,111,111,2021-03-09,PN786,92,1.0
senate_117_1_112,senate,117,1,112,112,2021-03-09,PN787,92,1.0
senate_117_1_115,senate,117,1,115,115,2021-03-10,PN7816,93,1.0
senate_117_1_118,senate,117,1,118,118,2021-03-11,PN7811,89,1.0
senate_117_1_120,senate,117,1,120,120,2021-03-16,PN789,91,1.0
senate_117_1_122,senate,117,1,122,122,2021-03-16,PN7818,91,1.0
senate_117_1_124,senate,117,1,124,124,2021-03-17,PN782,92,1.0
senate_117_1_126,senate,117,1,126,126,2021-03-18,PN7823,91,1.0
senate_117_1_128,senate,117,1,128,128,2021-03-23,PN7913,93,1.0
senate_117_1_130,senate,117,1,130,130,2021-03-23,PN7911,93,1.0
senate_117_1_132,senate,117,1,132,132,2021-03-24,PN121,93,1.0
senate_117_1_133,senate,117,1,133,133,2021-03-24,PN118,93,1.0
senate_117_1_136,senate,117,1,136,136,2021-03-24,HR1799,93,1.0
senate_117_1_140,senate,117,1,140,140,2021-03-25,HR1799,92,1.0
senate_117_1_142,senate,117,1,142,142,2021-03-25,HR1868,86,1.0
senate_117_1_143,senate,117,1,143,143,2021-04-12,PN117,88,1.0
senate_117_1_145,senate,117,1,145,145,2021-04-13,PN7912,91,1.0
senate_117_1_147,senate,117,1,147,147,2021-04-13,PN80,91,1.0
senate_117_1_149,senate,117,1,149,149,2021-04-14,PN797,91,1.0
senate_117_1_154,senate,117,1,154,154,2021-04-19,PN7910,90,1.0
senate_117_1_156,senate,117,1,156,156,2021-04-20,PN81,91,1.0
senate_117_1_159,senate,117,1,159,159,2021-04-21,PN794,93,1.0
senate_117_1_165,senate,117,1,165,165,2021-04-22,S937,88,1.0
senate_117_1_166,senate,117,1,166,166,2021-04-26,PN799,88,1.0
senate_117_1_168,senate,117,1,168,168,2021-04-27,PN798,87,1.0
senate_117_1_170,senate,117,1,170,170,2021-04-27,PN796,86,1.0
senate_117_1_173,senate,117,1,173,173,2021-04-28,PN114,88,1.0
senate_117_1_175,senate,117,1,175,175,2021-04-28,SJRES14,87,1.0
senate_117_1_178,senate,117,1,178,178,2021-04-29,S914,84,1.0
senate_117_1_179,senate,117,1,179,179,2021-05-10,PN125,90,1.0
senate_117_1_181,senate,117,1,181,181,2021-05-11,PN128,91,1.0
senate_117_1_183,senate,117,1,183,183,2021-05-11,SJRES15,92,1.0
senate_117_1_185,senate,117,1,185,185,2021-05-12,PN246,91,1.0
senate_117_1_187,senate,117,1,187,187,2021-05-12,PN245,92,1.0
senate_117_1_189,senate,117,1,189,189,2021-05-12,PN244,91,1.0
senate_117_1_195,senate,117,1,195,195,2021-05-19,SJRES13,91,1.0
senate_117_1_200,senate,117,1,200,200,2021-05-24,PN124,88,1.0
senate_117_1_202,senate,117,1,202,202,2021-05-25,PN792,92,1.0
senate_117_1_214,senate,117,1,214,214,2021-05-27,S1260,91,1.0
senate_117_1_218,senate,117,1,218,218,2021-05-28,HR3233,82,1.0
senate_117_1_219,senate,117,1,219,219,2021-06-07,PN393,87,1.0
senate_117_1_221,senate,117,1,221,221,2021-06-08,PN395,93,1.0
senate_117_1_226,senate,117,1,226,226,2021-06-08,S1260,93,1.0
senate_117_1_228,senate,117,1,228,228,2021-06-10,PN394,92,1.0
senate_117_1_229,senate,117,1,229,229,2021-06-10,PN391,91,1.0
senate_117_1_232,senate,117,1,232,232,2021-06-14,PN254,90,1.0
senate_117_1_234,senate,117,1,234,234,2021-06-16,PN444,91,1.0
senate_117_1_235,senate,117,1,235,235,2021-06-16,PN390,91,1.0
senate_117_1_238,senate,117,1,238,238,2021-06-16,PN363,91,1.0
senate_117_1_240,senate,117,1,240,240,2021-06-17,PN421,89,1.0
senate_117_1_242,senate,117,1,242,242,2021-06-21,PN249,80,1.0
senate_117_1_244,senate,117,1,244,244,2021-06-22,PN220,93,1.0
senate_117_1_247,senate,117,1,247,247,2021-06-23,PN388,93,1.0
senate_117_1_249,senate,117,1,249,249,2021-06-23,PN392,93,1.0
senate_117_1_251,senate,117,1,251,251,2021-06-24,S1251,93,1.0
senate_117_1_253,senate,117,1,253,253,2021-07-12,PN241,87,1.0
senate_117_1_255,senate,117,1,255,255,2021-07-13,PN122,90,1.0
senate_117_1_258,senate,117,1,258,258,2021-07-14,PN271,93,1.0
senate_117_1_259,senate,117,1,259,259,2021-07-14,PN269,93,1.0
senate_117_1_262,senate,117,1,262,262,2021-07-14,PN414,92,1.0
senate_117_1_263,senate,117,1,263,263,2021-07-14,PN460,91,1.0
senate_117_1_266,senate,117,1,266,266,2021-07-15,PN389,90,1.0
senate_117_1_268,senate,117,1,268,268,2021-07-20,PN423,93,1.0
senate_117_1_269,senate,117,1,269,269,2021-07-20,PN126,93,1.0
senate_117_1_272,senate,117,1,272,272,2021-07-20,HR1652,93,1.0
senate_117_1_274,senate,117,1,274,274,2021-07-21,PN242,93,1.0
senate_117_1_278,senate,117,1,278,278,2021-07-26,PN250,87,1.0
senate_117_1_281,senate,117,1,281,281,2021-07-28,PN609,92,1.0
senate_117_1_283,senate,117,1,283,283,2021-07-28,PN739,92,1.0
senate_117_1_287,senate,117,1,287,287,2021-07-29,HR3237,91,1.0
senate_117_1_289,senate,117,1,289,289,2021-07-30,PN369,84,1.0
senate_117_1_308,senate,117,1,308,308,2021-08-05,PN569,92,1.0
senate_117_1_309,senate,117,1,309,309,2021-08-07,HR3684,88,1.0
senate_117_1_313,senate,117,1,313,313,2021-08-08,HR3684,90,1.0
senate_117_1_314,senate,117,1,314,314,2021-08-10,HR3684,92,1.0
senate_117_1_359,senate,117,1,359,359,2021-09-13,PN127,86,1.0
senate_117_1_361,senate,117,1,361,361,2021-09-14,PN562,87,1.0
senate_117_1_363,senate,117,1,363,363,2021-09-14,PN567,88,1.0
senate_117_1_365,senate,117,1,365,365,2021-09-14,PN570,88,1.0
senate_117_1_367,senate,117,1,367,367,2021-09-21,PN396,91,1.0
senate_117_1_370,senate,117,1,370,370,2021-09-22,PN365,91,1.0
senate_117_1_371,senate,117,1,371,371,2021-09-22,PN630,91,1.0
senate_117_1_374,senate,117,1,374,374,2021-09-22,PN642,86,1.0
senate_117_1_376,senate,117,1,376,376,2021-09-23,PN607,91,1.0
senate_117_1_378,senate,117,1,378,378,2021-09-23,PN494,88,1.0
senate_117_1_380,senate,117,1,380,380,2021-09-23,PN548,79,1.0
senate_117_1_381,senate,117,1,381,381,2021-09-23,PN446,76,1.0
senate_117_1_382,senate,117,1,382,382,2021-09-23,PN545,76,1.0
senate_117_1_383,senate,117,1,383,383,2021-09-23,PN447,76,1.0
senate_117_1_384,senate,117,1,384,384,2021-09-23,PN550,76,1.0
senate_117_1_391,senate,117,1,391,391,2021-09-29,PN265,91,1.0
senate_117_1_392,senate,117,1,392,392,2021-09-29,PN560,91,1.0
senate_117_1_397,senate,117,1,397,397,2021-09-30,HR5305,93,1.0
senate_117_1_398,senate,117,1,398,398,2021-09-30,PN116,93,1.0
senate_117_1_400,senate,117,1,400,400,2021-09-30,PN443,91,1.0
senate_117_1_404,senate,117,1,404,404,2021-10-05,PN634,92,1.0
senate_117_1_406,senate,117,1,406,406,2021-10-05,PN568,92,1.0
senate_117_1_408,senate,117,1,408,408,2021-10-06,PN640,93,1.0
senate_117_1_411,senate,117,1,411,411,2021-10-07,S1301,92,1.0
senate_117_1_413,senate,117,1,413,413,2021-10-07,PN566,87,1.0
senate_117_1_415,senate,117,1,415,415,2021-10-19,PN561,90,1.0
senate_117_1_418,senate,117,1,418,418,2021-10-20,PN572,93,1.0
senate_117_1_421,senate,117,1,421,421,2021-10-21,PN563,92,1.0
senate_117_1_422,senate,117,1,422,422,2021-10-21,PN270,91,1.0
senate_117_1_423,senate,117,1,423,423,2021-10-21,PN643,92,1.0
senate_117_1_427,senate,117,1,427,427,2021-10-26,PN639,90,1.0
senate_117_1_428,senate,117,1,428,428,2021-10-26,PN571,91,1.0
senate_117_1_429,senate,117,1,429,429,2021-10-26,PN808,91,1.0
senate_117_1_430,senate,117,1,430,430,2021-10-26,PN803,90,1.0
senate_117_1_431,senate,117,1,431,431,2021-10-26,PN641,91,1.0
senate_117_1_437,senate,117,1,437,437,2021-10-27,PN644,91,1.0
senate_117_1_438,senate,117,1,438,438,2021-10-27,PN610,89,1.0
senate_117_1_439,senate,117,1,439,439,2021-10-27,PN370,89,1.0
senate_117_1_440,senate,117,1,440,440,2021-10-27,PN765,89,1.0
senate_117_1_441,senate,117,1,441,441,2021-10-27,PN1045,88,1.0
senate_117_1_447,senate,117,1,447,447,2021-10-28,PN998,80,1.0
senate_117_1_448,senate,117,1,448,448,2021-10-28,PN806,76,1.0
senate_117_1_451,senate,117,1,451,451,2021-11-02,PN364,92,1.0
senate_117_1_452,senate,117,1,452,452,2021-11-02,PN413,92,1.0
senate_117_1_453,senate,117,1,453,453,2021-11-02,PN635,92,1.0
senate_117_1_454,senate,117,1,454,454,2021-11-02,PN540,92,1.0
senate_117_1_455,senate,117,1,455,455,2021-11-02,PN453,92,1.0
senate_117_1_464,senate,117,1,464,464,2021-11-04,PN367,91,1.0
senate_117_1_466,senate,117,1,466,466,2021-11-15,PN916,86,1.0
senate_117_1_468,senate,117,1,468,468,2021-11-16,PN425,88,1.0
senate_117_1_471,senate,117,1,471,471,2021-11-17,PN604,93,1.0
senate_117_1_473,senate,117,1,473,473,2021-11-29,HR4350,89,1.0
senate_117_1_477,senate,117,1,477,477,2021-12-02,HR6119,91,1.0
senate_117_1_478,senate,117,1,478,478,2021-12-06,PN1322,86,1.0
senate_117_1_480,senate,117,1,480,480,2021-12-07,PN450,92,1.0
senate_117_1_482,senate,117,1,482,482,2021-12-07,PN565,92,1.0
senate_117_1_485,senate,117,1,485,485,2021-12-08,PN930,93,1.0
senate_117_1_487,senate,117,1,487,487,2021-12-08,PN715,92,1.0
senate_117_1_489,senate,117,1,489,489,2021-12-08,SJRES29,93,1.0
senate_117_1_490,senate,117,1,490,490,2021-12-09,S610,93,1.0
senate_117_1_492,senate,117,1,492,492,2021-12-09,PN1167,82,1.0
senate_117_1_493,senate,117,1,493,493,2021-12-09,PN807,80,1.0
senate_117_1_495,senate,117,1,495,495,2021-12-14,PN1208,92,1.0
senate_117_1_496,senate,117,1,496,496,2021-12-14,S1605,92,1.0
senate_117_1_498,senate,117,1,498,498,2021-12-14,SJRES33,92,1.0
senate_117_1_506,senate,117,1,506,506,2021-12-17,PN874,74,1.0
senate_117_1_508,senate,117,1,508,508,2021-12-17,PN1212,71,1.0
senate_117_1_510,senate,117,1,510,510,2021-12-17,PN1213,66,1.0
senate_117_1_512,senate,117,1,512,512,2021-12-17,PN1173,65,1.0
senate_117_1_514,senate,117,1,514,514,2021-12-17,PN1171,65,1.0
senate_117_1_516,senate,117,1,516,516,2021-12-17,PN801,64,1.0
senate_117_1_518,senate,117,1,518,518,2021-12-17,PN802,64,1.0
senate_117_1_520,senate,117,1,520,520,2021-12-17,PN1172,64,1.0
senate_117_1_522,senate,117,1,522,522,2021-12-17,PN1174,64,1.0
senate_117_1_524,senate,117,1,524,524,2021-12-18,PN997,64,1.0
senate_117_1_527,senate,117,1,527,527,2021-12-18,PN1168,62,1.0
senate_117_1_528,senate,117,1,528,528,2021-12-18,PN1169,61,1.0
senate_117_2_1,senate,117,2,1,529,2022-01-05,PN496,80,1.0
senate_117_2_3,senate,117,2,3,531,2022-01-10,PN1321,88,1.0
senate_117_2_5,senate,117,2,5,533,2022-01-11,PN435,86,1.0
senate_117_2_8,senate,117,2,8,536,2022-01-13,S3436,92,1.0
senate_117_2_9,senate,117,2,9,537,2022-01-19,HR5746,93,1.0
senate_117_2_12,senate,117,2,12,540,2022-01-31,PN1494,85,1.0
senate_117_2_14,senate,117,2,14,542,2022-02-01,PN1499,89,1.0
senate_117_2_16,senate,117,2,16,544,2022-02-01,PN1506,90,1.0
senate_117_2_18,senate,117,2,18,546,2022-02-01,PN386,90,1.0
senate_117_2_19,senate,117,2,19,547,2022-02-01,PN638,90,1.0
senate_117_2_20,senate,117,2,20,548,2022-02-01,PN800,86,1.0
senate_117_2_22,senate,117,2,22,550,2022-02-02,PN1203,88,1.0
senate_117_2_23,senate,117,2,23,551,2022-02-02,PN1204,88,1.0
senate_117_2_26,senate,117,2,26,554,2022-02-02,PN996,89,1.0
senate_117_2_27,senate,117,2,27,555,2022-02-02,PN1201,88,1.0
senate_117_2_28,senate,117,2,28,556,2022-02-02,PN1577,85,1.0
senate_117_2_29,senate,117,2,29,557,2022-02-02,PN1567,87,1.0
senate_117_2_30,senate,117,2,30,558,2022-02-02,PN1060,87,1.0
senate_117_2_31,senate,117,2,31,559,2022-02-02,PN782,87,1.0
senate_117_2_32,senate,117,2,32,560,2022-02-02,PN1018,87,1.0
senate_117_2_33,senate,117,2,33,561,2022-02-03,PN1020,87,1.0
senate_117_2_34,senate,117,2,34,562,2022-02-03,PN1528,86,1.0
senate_117_2_35,senate,117,2,35,563,2022-02-03,PN1508,81,1.0
senate_117_2_44,senate,117,2,44,572,2022-02-09,PN1183,90,1.0
senate_117_2_52,senate,117,2,52,580,2022-02-10,PN1537,90,1.0
senate_117_2_54,senate,117,2,54,582,2022-02-14,PN1593,87,1.0
senate_117_2_56,senate,117,2,56,584,2022-02-16,PN730,88,1.0
senate_117_2_57,senate,117,2,57,585,2022-02-16,PN1001,90,1.0
senate_117_2_60,senate,117,2,60,588,2022-02-17,HR6617,89,1.0
senate_117_2_64,senate,117,2,64,592,2022-02-17,HR6617,86,1.0
senate_117_2_67,senate,117,2,67,595,2022-03-02,SJRES32,87,1.0
senate_117_2_68,senate,117,2,68,596,2022-03-03,SJRES38,90,1.0
senate_117_2_69,senate,117,2,69,597,2022-03-07,HR3076,85,1.0
senate_117_2_71,senate,117,2,71,599,2022-03-08,HR3076,92,1.0
senate_117_2_72,senate,117,2,72,600,2022-03-08,PN1053,91,1.0
senate_117_2_79,senate,117,2,79,607,2022-03-14,PN1437,79,1.0
senate_117_2_81,senate,117,2,81,609,2022-03-15,SJRES37,90,1.0
senate_117_2_82,senate,117,2,82,610,2022-03-16,PN1498,91,1.0
senate_117_2_83,senate,117,2,83,611,2022-03-16,PN1485,90,1.0
senate_117_2_84,senate,117,2,84,612,2022-03-16,PN1503,92,1.0
senate_117_2_85,senate,117,2,85,613,2022-03-16,PN1495,91,1.0
senate_117_2_86,senate,117,2,86,614,2022-03-16,PN1505,90,1.0
senate_117_2_87,senate,117,2,87,615,2022-03-16,PN1479,89,1.0
senate_117_2_88,senate,117,2,88,616,2022-03-16,PN1497,88,1.0
senate_117_2_89,senate,117,2,89,617,2022-03-16,PN1500,88,1.0
senate_117_2_90,senate,117,2,90,618,2022-03-16,PN1496,88,1.0
senate_117_2_91,senate,117,2,91,619,2022-03-16,PN1507,90,1.0
senate_117_2_92,senate,117,2,92,620,2022-03-16,PN1511,90,1.0
senate_117_2_93,senate,117,2,93,621,2022-03-16,PN1381,90,1.0
senate_117_2_96,senate,117,2,96,624,2022-03-17,PN1504,88,1.0
senate_117_2_97,senate,117,2,97,625,2022-03-21,HR4521,88,1.0
senate_117_2_108,senate,117,2,108,636,2022-03-28,HR4521,89,1.0
senate_117_2_109,senate,117,2,109,637,2022-03-28,HR4521,89,1.0
senate_117_2_111,senate,117,2,111,639,2022-03-29,PN1436,93,1.0
senate_117_2_112,senate,117,2,112,640,2022-03-29,PN1575,92,1.0
senate_117_2_116,senate,117,2,116,644,2022-03-30,PN1517,93,1.0
senate_117_2_118,senate,117,2,118,646,2022-03-30,PN1660,92,1.0
senate_117_2_120,senate,117,2,120,648,2022-03-30,PN1592,93,1.0
senate_117_2_121,senate,117,2,121,649,2022-03-30,PN1601,91,1.0
senate_117_2_122,senate,117,2,122,650,2022-03-30,PN1600,91,1.0
senate_117_2_123,senate,117,2,123,651,2022-03-30,PN1599,90,1.0
senate_117_2_131,senate,117,2,131,659,2022-04-07,HR7108,93,1.0
senate_117_2_132,senate,117,2,132,660,2022-04-07,HR6968,93,1.0
senate_117_2_133,senate,117,2,133,661,2022-04-07,PN1783,93,1.0
senate_117_2_135,senate,117,2,135,663,2022-04-25,PN1529,87,1.0
senate_117_2_137,senate,117,2,137,665,2022-04-26,PN1679,91,1.0
senate_117_2_138,senate,117,2,138,666,2022-04-27,PN1478,91,1.0
senate_117_2_141,senate,117,2,141,669,2022-04-28,HR4521,90,1.0
senate_117_2_143,senate,117,2,143,671,2022-05-02,PN1052,84,1.0
senate_117_2_145,senate,117,2,145,673,2022-05-03,PN1521,90,1.0
senate_117_2_147,senate,117,2,147,675,2022-05-03,SJRES39,90,1.0
senate_117_2_161,senate,117,2,161,689,2022-05-09,PN1547,86,1.0
senate_117_2_163,senate,117,2,163,691,2022-05-10,PN1551,91,1.0
senate_117_2_165,senate,117,2,165,693,2022-05-10,PN1679,92,1.0
senate_117_2_168,senate,117,2,168,696,2022-05-11,PN1541,93,1.0
senate_117_2_171,senate,117,2,171,699,2022-05-11,PN1523,93,1.0
senate_117_2_179,senate,117,2,179,707,2022-05-17,PN1484,91,1.0
senate_117_2_180,senate,117,2,180,708,2022-05-17,PN1510,90,1.0
senate_117_2_181,senate,117,2,181,709,2022-05-17,PN1486,89,1.0
senate_117_2_183,senate,117,2,183,711,2022-05-18,PN1573,90,1.0
senate_117_2_185,senate,117,2,185,713,2022-05-18,PN1583,90,1.0
senate_117_2_190,senate,117,2,190,718,2022-05-19,HR7691,90,1.0
senate_117_2_191,senate,117,2,191,719,2022-05-19,HR7691,90,1.0
senate_117_2_192,senate,117,2,192,720,2022-05-19,S4008,88,1.0
senate_117_2_193,senate,117,2,193,721,2022-05-19,PN1748,77,1.0
senate_117_2_195,senate,117,2,195,723,2022-05-24,PN1758,86,1.0
senate_117_2_197,senate,117,2,197,725,2022-05-24,PN1482,84,1.0
senate_117_2_198,senate,117,2,198,726,2022-05-24,PN1509,83,1.0
senate_117_2_199,senate,117,2,199,727,2022-05-24,PN1481,84,1.0
senate_117_2_202,senate,117,2,202,730,2022-05-25,PN1518,87,1.0
senate_117_2_204,senate,117,2,204,732,2022-05-25,PN1562,87,1.0
senate_117_2_206,senate,117,2,206,734,2022-05-25,PN1595,86,1.0
senate_117_2_207,senate,117,2,207,735,2022-05-25,PN955,85,1.0
senate_117_2_208,senate,117,2,208,736,2022-05-25,PN1594,87,1.0
senate_117_2_210,senate,117,2,210,738,2022-05-26,HR350,87,1.0
senate_117_2_211,senate,117,2,211,739,2022-05-26,SJRES46,87,1.0
senate_117_2_213,senate,117,2,213,741,2022-06-06,PN1002,82,1.0
senate_117_2_215,senate,117,2,215,743,2022-06-07,HR3967,91,1.0
senate_117_2_225,senate,117,2,225,753,2022-06-13,HR3967,89,1.0
senate_117_2_227,senate,117,2,227,755,2022-06-15,HR3967,92,1.0
senate_117_2_230,senate,117,2,230,758,2022-06-16,HR3967,91,1.0
senate_117_2_231,senate,117,2,231,759,2022-06-16,PN1683,88,1.0
senate_117_2_232,senate,117,2,232,760,2022-06-16,PN1542,90,1.0
senate_117_2_240,senate,117,2,240,768,2022-06-23,S2938,92,1.0
senate_117_2_243,senate,117,2,243,771,2022-07-11,PN1185,81,1.0
senate_117_2_245,senate,117,2,245,773,2022-07-12,PN1975,87,1.0
senate_117_2_247,senate,117,2,247,775,2022-07-12,PN2020,86,1.0
senate_117_2_249,senate,117,2,249,777,2022-07-13,PN2021,87,1.0
senate_117_2_251,senate,117,2,251,779,2022-07-13,PN1526,88,1.0
senate_117_2_253,senate,117,2,253,781,2022-07-13,PN1834,86,1.0
senate_117_2_255,senate,117,2,255,783,2022-07-14,PN1671,85,1.0
senate_117_2_256,senate,117,2,256,784,2022-07-18,PN1688,79,1.0
senate_117_2_258,senate,117,2,258,786,2022-07-19,PN1968,88,1.0
senate_117_2_262,senate,117,2,262,790,2022-07-20,PN1969,88,1.0
senate_117_2_268,senate,117,2,268,796,2022-07-26,HR4346,89,1.0
senate_117_2_272,senate,117,2,272,800,2022-07-27,S3373,90,1.0
senate_117_2_273,senate,117,2,273,801,2022-07-28,HR7776,87,1.0
senate_117_2_275,senate,117,2,275,803,2022-08-01,PN2142,82,1.0
senate_117_2_283,senate,117,2,283,811,2022-08-04,SJRES55,90,1.0
senate_117_2_325,senate,117,2,325,853,2022-08-07,HR5376,93,1.0
senate_117_2_326,senate,117,2,326,854,2022-09-06,PN1965,84,1.0
senate_117_2_328,senate,117,2,328,856,2022-09-07,PN1502,87,1.0
senate_117_2_330,senate,117,2,330,858,2022-09-08,PN1966,85,1.0
senate_117_2_332,senate,117,2,332,860,2022-09-12,PN1684,82,1.0
senate_117_2_334,senate,117,2,334,862,2022-09-13,PN2140,89,1.0
senate_117_2_336,senate,117,2,336,864,2022-09-14,PN2141,92,1.0
senate_117_2_339,senate,117,2,339,867,2022-09-19,PN2193,84,1.0
senate_117_2_341,senate,117,2,341,869,2022-09-20,TREATYDOC1171,87,1.0
senate_117_2_344,senate,117,2,344,872,2022-09-21,PN1566,90,1.0
senate_117_2_345,senate,117,2,345,873,2022-09-21,PN2267,89,1.0
senate_117_2_346,senate,117,2,346,874,2022-09-22,S4822,91,1.0
senate_117_2_351,senate,117,2,351,879,2022-09-29,HR6833,90,1.0
senate_117_2_353,senate,117,2,353,881,2022-11-14,PN2263,89,1.0
senate_117_2_355,senate,117,2,355,883,2022-11-15,SJRES63,92,0.9891304347826086
senate_117_2_356,senate,117,2,356,884,2022-11-16,HR8404,92,1.0
senate_117_2_358,senate,117,2,358,886,2022-11-28,HR8404,90,1.0
senate_117_2_362,senate,117,2,362,890,2022-11-29,HR8404,91,1.0
senate_117_2_363,senate,117,2,363,891,2022-11-30,PN2264,91,1.0
senate_117_2_364,senate,117,2,364,892,2022-11-30,PN2143,91,1.0
senate_117_2_368,senate,117,2,368,896,2022-12-01,PN2266,90,1.0
senate_117_2_369,senate,117,2,369,897,2022-12-01,PN2192,87,1.0
senate_117_2_374,senate,117,2,374,902,2022-12-06,PN2314,89,1.0
senate_117_2_375,senate,117,2,375,903,2022-12-06,PN2365,91,1.0
senate_117_2_379,senate,117,2,379,907,2022-12-07,PN2366,89,1.0
senate_117_2_382,senate,117,2,382,910,2022-12-07,PN2438,88,1.0
senate_117_2_385,senate,117,2,385,913,2022-12-08,PN2315,90,1.0
senate_117_2_386,senate,117,2,386,914,2022-12-08,PN2261,88,1.0
senate_117_2_390,senate,117,2,390,918,2022-12-14,SJRES60,92,1.0
senate_117_2_394,senate,117,2,394,922,2022-12-15,HR7776,88,1.0
senate_117_2_407,senate,117,2,407,935,2022-12-22,S5355,88,1.0
senate_118_1_6,senate,118,1,6,6,2023-02-07,PN88,84,1.0
senate_118_1_8,senate,118,1,8,8,2023-02-09,PN92,86,1.0
senate_118_1_10,senate,118,1,10,10,2023-02-13,PN79,85,1.0
senate_118_1_12,senate,118,1,12,12,2023-02-14,PN74,86,1.0
senate_118_1_14,senate,118,1,14,14,2023-02-14,PN72,86,1.0
senate_118_1_16,senate,118,1,16,16,2023-02-14,PN71,84,1.0
senate_118_1_18,senate,118,1,18,18,2023-02-15,PN80,86,1.0
senate_118_1_19,senate,118,1,19,19,2023-02-15,PN73,85,1.0
senate_118_1_21,senate,118,1,21,21,2023-02-15,PN3,85,1.0
senate_118_1_24,senate,118,1,24,24,2023-02-16,PN91,83,1.0
senate_118_1_25,senate,118,1,25,25,2023-02-27,PN78,79,1.0
senate_118_1_27,senate,118,1,27,27,2023-02-28,PN75,82,1.0
senate_118_1_29,senate,118,1,29,29,2023-02-28,PN76,83,1.0
senate_118_1_31,senate,118,1,31,31,2023-02-28,PN77,84,1.0
senate_118_1_33,senate,118,1,33,33,2023-03-01,PN170,84,1.0
senate_118_1_34,senate,118,1,34,34,2023-03-01,PN171,84,1.0
senate_118_1_35,senate,118,1,35,35,2023-03-01,HJRES30,84,1.0
senate_118_1_36,senate,118,1,36,36,2023-03-01,PN175,84,1.0
senate_118_1_38,senate,118,1,38,38,2023-03-02,PN176,80,1.0
senate_118_1_40,senate,118,1,40,40,2023-03-06,PN166,82,1.0
senate_118_1_42,senate,118,1,42,42,2023-03-07,PN178,85,1.0
senate_118_1_44,senate,118,1,44,44,2023-03-07,PN179,84,1.0
senate_118_1_46,senate,118,1,46,46,2023-03-07,PN162,85,1.0
senate_118_1_48,senate,118,1,48,48,2023-03-08,PN27,83,1.0
senate_118_1_49,senate,118,1,49,49,2023-03-08,HJRES26,84,1.0
senate_118_1_53,senate,118,1,53,53,2023-03-14,PN122,81,1.0
senate_118_1_55,senate,118,1,55,55,2023-03-15,PN29,82,1.0
senate_118_1_57,senate,118,1,57,57,2023-03-15,PN6,81,1.0
senate_118_1_59,senate,118,1,59,59,2023-03-15,PN2,82,1.0
senate_118_1_60,senate,118,1,60,60,2023-03-16,PN85,82,1.0
senate_118_1_70,senate,118,1,70,70,2023-03-27,S316,82,1.0
senate_118_1_77,senate,118,1,77,77,2023-03-29,S316,84,1.0
senate_118_1_79,senate,118,1,79,79,2023-03-29,HJRES27,84,1.0
senate_118_1_80,senate,118,1,80,80,2023-03-29,HJRES7,80,1.0
senate_118_1_83,senate,118,1,83,83,2023-04-17,PN5,75,1.0
senate_118_1_85,senate,118,1,85,85,2023-04-18,PN69,85,1.0
senate_118_1_94,senate,118,1,94,94,2023-04-20,S870,84,1.0
senate_118_1_95,senate,118,1,95,95,2023-04-25,PN195,82,1.0
senate_118_1_98,senate,118,1,98,98,2023-04-26,SJRES11,86,1.0
senate_118_1_100,senate,118,1,100,100,2023-04-27,PN89,83,1.0
senate_118_1_102,senate,118,1,102,102,2023-05-02,PN97,86,1.0
senate_118_1_103,senate,118,1,103,103,2023-05-02,PN96,86,1.0
senate_118_1_106,senate,118,1,106,106,2023-05-02,PN180,86,1.0
senate_118_1_108,senate,118,1,108,108,2023-05-03,PN163,86,1.0
senate_118_1_109,senate,118,1,109,109,2023-05-03,HJRES39,84,1.0
senate_118_1_110,senate,118,1,110,110,2023-05-03,SJRES9,85,1.0
senate_118_1_112,senate,118,1,112,112,2023-05-03,PN289,83,1.0
senate_118_1_114,senate,118,1,114,114,2023-05-04,PN68,85,1.0
senate_118_1_115,senate,118,1,115,115,2023-05-04,PN39,82,1.0
senate_118_1_116,senate,118,1,116,116,2023-05-09,PN148,82,1.0
senate_118_1_118,senate,118,1,118,118,2023-05-10,PN156,85,1.0
senate_118_1_122,senate,118,1,122,122,2023-05-11,SJRES23,87,1.0
senate_118_1_123,senate,118,1,123,123,2023-05-11,SJRES24,87,1.0
senate_118_1_124,senate,118,1,124,124,2023-05-11,PN93,82,1.0
senate_118_1_126,senate,118,1,126,126,2023-05-16,HJRES42,86,1.0
senate_118_1_127,senate,118,1,127,127,2023-05-17,PN450,83,1.0
senate_118_1_129,senate,118,1,129,129,2023-05-17,PN455,83,1.0
senate_118_1_130,senate,118,1,130,130,2023-05-17,SJRES18,84,1.0
senate_118_1_131,senate,118,1,131,131,2023-05-17,PN95,85,1.0
senate_118_1_135,senate,118,1,135,135,2023-06-01,HJRES45,85,1.0
senate_118_1_146,senate,118,1,146,146,2023-06-01,HR3746,87,1.0
senate_118_1_147,senate,118,1,147,147,2023-06-06,PN18,81,1.0
senate_118_1_149,senate,118,1,149,149,2023-06-07,PN99,85,1.0
senate_118_1_151,senate,118,1,151,151,2023-06-08,PN377,83,1.0
senate_118_1_153,senate,118,1,153,153,2023-06-12,PN138,82,1.0
senate_118_1_155,senate,118,1,155,155,2023-06-13,PN87,87,1.0
senate_118_1_156,senate,118,1,156,156,2023-06-13,PN383,87,1.0
senate_118_1_159,senate,118,1,159,159,2023-06-14,PN177,86,1.0
senate_118_1_160,senate,118,1,160,160,2023-06-14,PN86,86,1.0
senate_118_1_163,senate,118,1,163,163,2023-06-14,PN83,85,1.0
senate_118_1_165,senate,118,1,165,165,2023-06-15,PN90,85,1.0
senate_118_1_167,senate,118,1,167,167,2023-06-21,SJRES11,87,1.0
senate_118_1_168,senate,118,1,168,168,2023-06-21,PN82,87,1.0
senate_118_1_170,senate,118,1,170,170,2023-06-21,TREATYDOC1128,86,1.0
senate_118_1_171,senate,118,1,171,171,2023-06-22,HJRES44,86,1.0
senate_118_1_173,senate,118,1,173,173,2023-07-10,PN382,75,1.0
senate_118_1_175,senate,118,1,175,175,2023-07-11,PN70,81,1.0
senate_118_1_176,senate,118,1,176,176,2023-07-11,PN168,81,1.0
senate_118_1_179,senate,118,1,179,179,2023-07-11,PN81,79,1.0
senate_118_1_181,senate,118,1,181,181,2023-07-12,PN169,85,1.0
senate_118_1_183,senate,118,1,183,183,2023-07-12,PN64,87,1.0
senate_118_1_185,senate,118,1,185,185,2023-07-13,PN118,84,1.0
senate_118_1_186,senate,118,1,186,186,2023-07-13,PN94,83,1.0
senate_118_1_188,senate,118,1,188,188,2023-07-18,S2226,84,1.0
senate_118_1_212,senate,118,1,212,212,2023-07-27,S2226,84,1.0
senate_118_1_213,senate,118,1,213,213,2023-09-05,PN645,81,1.0
senate_118_1_215,senate,118,1,215,215,2023-09-06,PN743,86,1.0
senate_118_1_217,senate,118,1,217,217,2023-09-06,PN644,86,1.0
senate_118_1_219,senate,118,1,219,219,2023-09-06,PN646,84,1.0
senate_118_1_221,senate,118,1,221,221,2023-09-07,PN673,85,1.0
senate_118_1_223,senate,118,1,223,223,2023-09-11,PN551,82,1.0
senate_118_1_225,senate,118,1,225,225,2023-09-12,PN287,83,1.0
senate_118_1_227,senate,118,1,227,227,2023-09-12,HR4366,85,1.0
senate_118_1_229,senate,118,1,229,229,2023-09-18,PN591,82,1.0
senate_118_1_231,senate,118,1,231,231,2023-09-19,PN173,85,1.0
senate_118_1_233,senate,118,1,233,233,2023-09-20,HR4366,84,1.0
senate_118_1_234,senate,118,1,234,234,2023-09-20,PN677,84,1.0
senate_118_1_236,senate,118,1,236,236,2023-09-20,PN537,80,1.0
senate_118_1_238,senate,118,1,238,238,2023-09-21,PN691,83,1.0
senate_118_1_240,senate,118,1,240,240,2023-09-26,HR3935,83,1.0
senate_118_1_242,senate,118,1,242,242,2023-09-28,SJRES9,80,1.0
senate_118_1_243,senate,118,1,243,243,2023-09-28,SJRES24,80,1.0
senate_118_1_247,senate,118,1,247,247,2023-09-30,HR5860,84,1.0
senate_118_1_248,senate,118,1,248,248,2023-10-03,PN676,82,1.0
senate_118_1_250,senate,118,1,250,250,2023-10-04,PN451,84,1.0
senate_118_1_252,senate,118,1,252,252,2023-10-04,PN589,84,1.0
senate_118_1_254,senate,118,1,254,254,2023-10-16,PN812,77,1.0
senate_118_1_256,senate,118,1,256,256,2023-10-17,PN590,83,1.0
senate_118_1_258,senate,118,1,258,258,2023-10-17,PN65,84,1.0
senate_118_1_260,senate,118,1,260,260,2023-10-18,SJRES32,84,1.0
senate_118_1_262,senate,118,1,262,262,2023-10-24,PN980,81,1.0
senate_118_1_264,senate,118,1,264,264,2023-10-24,PN155,85,1.0
senate_118_1_272,senate,118,1,272,272,2023-10-26,SJRES42,84,1.0
senate_118_1_273,senate,118,1,273,273,2023-10-30,PN452,81,1.0
senate_118_1_275,senate,118,1,275,275,2023-10-31,PN1062,83,1.0
senate_118_1_284,senate,118,1,284,284,2023-11-01,HR4366,83,1.0
senate_118_1_285,senate,118,1,285,285,2023-11-01,HR662,82,1.0
senate_118_1_286,senate,118,1,286,286,2023-11-02,PN882,82,1.0
senate_118_1_288,senate,118,1,288,288,2023-11-02,PN877,82,1.0
senate_118_1_290,senate,118,1,290,290,2023-11-02,PN881,77,1.0
senate_118_1_292,senate,118,1,292,292,2023-11-06,PN649,80,1.0
senate_118_1_294,senate,118,1,294,294,2023-11-07,PN84,84,1.0
senate_118_1_296,senate,118,1,296,296,2023-11-07,PN172,85,1.0
senate_118_1_298,senate,118,1,298,298,2023-11-07,PN174,84,1.0
senate_118_1_300,senate,118,1,300,300,2023-11-08,PN786,84,1.0
senate_118_1_302,senate,118,1,302,302,2023-11-08,PN813,84,1.0
senate_118_1_303,senate,118,1,303,303,2023-11-08,SJRES38,84,1.0
senate_118_1_304,senate,118,1,304,304,2023-11-08,PN165,84,1.0
senate_118_1_307,senate,118,1,307,307,2023-11-09,PN499,78,1.0
senate_118_1_310,senate,118,1,310,310,2023-11-15,SJRES43,85,1.0
senate_118_1_312,senate,118,1,312,312,2023-11-15,HR6363,84,1.0
senate_118_1_314,senate,118,1,314,314,2023-11-27,PN903,78,1.0
senate_118_1_316,senate,118,1,316,316,2023-11-28,PN817,84,1.0
senate_118_1_318,senate,118,1,318,318,2023-11-28,PN157,84,1.0
senate_118_1_319,senate,118,1,319,319,2023-11-29,PN1022,86,1.0
senate_118_1_321,senate,118,1,321,321,2023-11-29,PN1023,85,1.0
senate_118_1_323,senate,118,1,323,323,2023-11-29,PN1053,84,1.0
senate_118_1_325,senate,118,1,325,325,2023-11-30,PN500,85,1.0
senate_118_1_327,senate,118,1,327,327,2023-12-05,PN588,86,1.0
senate_118_1_329,senate,118,1,329,329,2023-12-05,PN36,86,1.0
senate_118_1_330,senate,118,1,330,330,2023-12-06,PN648,86,1.0
senate_118_1_335,senate,118,1,335,335,2023-12-07,PN904,81,1.0
senate_118_1_337,senate,118,1,337,337,2023-12-12,PN876,85,1.0
senate_118_1_341,senate,118,1,341,341,2023-12-12,HR2670,86,1.0
senate_118_1_343,senate,118,1,343,343,2023-12-13,HR2670,86,1.0
senate_118_1_344,senate,118,1,344,344,2023-12-14,PN769,84,1.0
senate_118_1_348,senate,118,1,348,348,2023-12-19,PN981,56,1.0
senate_118_1_350,senate,118,1,350,350,2023-12-19,PN1103,56,1.0
senate_118_2_1,senate,118,2,1,353,2024-01-08,PN1020,75,1.0
senate_118_2_3,senate,118,2,3,355,2024-01-10,PN376,84,1.0
senate_118_2_5,senate,118,2,5,357,2024-01-10,SJRES32,85,1.0
senate_118_2_6,senate,118,2,6,358,2024-01-11,PN837,82,1.0
senate_118_2_12,senate,118,2,12,364,2024-01-18,HR2872,81,1.0
senate_118_2_13,senate,118,2,13,365,2024-01-22,PN15,78,1.0
senate_118_2_15,senate,118,2,15,367,2024-01-23,PN14,85,1.0
senate_118_2_18,senate,118,2,18,370,2024-01-24,PN1130,83,1.0
senate_118_2_19,senate,118,2,19,371,2024-01-24,PN1242,84,1.0
senate_118_2_23,senate,118,2,23,375,2024-01-25,PN1255,79,1.0
senate_118_2_24,senate,118,2,24,376,2024-01-25,PN1246,81,1.0
senate_118_2_27,senate,118,2,27,379,2024-01-31,PN816,85,1.0
senate_118_2_29,senate,118,2,29,381,2024-01-31,PN119,85,1.0
senate_118_2_31,senate,118,2,31,383,2024-02-01,PN1257,82,1.0
senate_118_2_32,senate,118,2,32,384,2024-02-01,PN1247,83,1.0
senate_118_2_35,senate,118,2,35,387,2024-02-06,PN1113,81,1.0
senate_118_2_37,senate,118,2,37,389,2024-02-06,PN1239,83,1.0
senate_118_2_44,senate,118,2,44,396,2024-02-11,HR815,81,1.0
senate_118_2_47,senate,118,2,47,399,2024-02-12,HR815,85,1.0
senate_118_2_48,senate,118,2,48,400,2024-02-13,HR815,85,1.0
senate_118_2_49,senate,118,2,49,401,2024-02-26,PN1240,82,1.0
senate_118_2_51,senate,118,2,51,403,2024-02-27,PN1249,84,1.0
senate_118_2_53,senate,118,2,53,405,2024-02-27,PN1233,84,1.0
senate_118_2_55,senate,118,2,55,407,2024-02-28,PN1256,83,1.0
senate_118_2_57,senate,118,2,57,409,2024-02-28,PN1243,83,1.0
senate_118_2_59,senate,118,2,59,411,2024-02-28,PN1217,81,1.0
senate_118_2_61,senate,118,2,61,413,2024-02-29,SJRES38,83,1.0
senate_118_2_67,senate,118,2,67,419,2024-02-29,HR7463,77,1.0
senate_118_2_68,senate,118,2,68,420,2024-03-05,PN1213,81,1.0
senate_118_2_70,senate,118,2,70,422,2024-03-06,PN1348,86,1.0
senate_118_2_72,senate,118,2,72,424,2024-03-06,PN1234,86,1.0
senate_118_2_74,senate,118,2,74,426,2024-03-07,PN1349,85,1.0
senate_118_2_75,senate,118,2,75,427,2024-03-07,S3853,86,1.0
senate_118_2_79,senate,118,2,79,431,2024-03-08,HR4366,85,1.0
senate_118_2_85,senate,118,2,85,437,2024-03-11,PN1406,77,1.0
senate_118_2_87,senate,118,2,87,439,2024-03-12,PN1404,83,1.0
senate_118_2_89,senate,118,2,89,441,2024-03-12,PN1403,85,1.0
senate_118_2_93,senate,118,2,93,445,2024-03-14,PN1241,74,1.0
senate_118_2_95,senate,118,2,95,447,2024-03-20,PN1245,84,1.0
senate_118_2_97,senate,118,2,97,449,2024-03-20,PN1248,85,1.0
senate_118_2_99,senate,118,2,99,451,2024-03-21,PN157,85,1.0
senate_118_2_101,senate,118,2,101,453,2024-03-21,SJRES62,83,1.0
senate_118_2_115,senate,118,2,115,467,2024-04-08,PN1291,74,1.0
senate_118_2_117,senate,118,2,117,469,2024-04-09,PN1405,86,1.0
senate_118_2_119,senate,118,2,119,471,2024-04-09,PN1290,85,1.0
senate_118_2_121,senate,118,2,121,473,2024-04-10,SJRES61,86,1.0
senate_118_2_122,senate,118,2,122,474,2024-04-10,HJRES98,84,1.0
senate_118_2_126,senate,118,2,126,478,2024-04-15,PN1252,76,1.0
senate_118_2_141,senate,118,2,141,493,2024-04-18,HR7888,85,1.0
senate_118_2_142,senate,118,2,142,494,2024-04-18,S4072,85,1.0
senate_118_2_150,senate,118,2,150,502,2024-04-19,HR7888,83,1.0
senate_118_2_152,senate,118,2,152,504,2024-04-23,HR815,85,1.0
senate_118_2_155,senate,118,2,155,507,2024-04-30,PN1458,82,1.0
senate_118_2_161,senate,118,2,161,513,2024-05-09,HR3935,84,1.0
senate_118_2_162,senate,118,2,162,514,2024-05-09,HR3935,81,1.0
senate_118_2_163,senate,118,2,163,515,2024-05-14,PN927,79,1.0
senate_118_2_165,senate,118,2,165,517,2024-05-15,PN1433,82,1.0
senate_118_2_168,senate,118,2,168,520,2024-05-15,SJRES57,82,1.0
senate_118_2_169,senate,118,2,169,521,2024-05-16,HJRES109,84,1.0
senate_118_2_171,senate,118,2,171,523,2024-05-16,PN1238,81,1.0
senate_118_2_173,senate,118,2,173,525,2024-05-21,PN1460,81,1.0
senate_118_2_175,senate,118,2,175,527,2024-05-21,PN1462,80,1.0
senate_118_2_176,senate,118,2,176,528,2024-05-21,SJRES58,82,1.0
senate_118_2_178,senate,118,2,178,530,2024-05-22,PN1434,81,1.0
senate_118_2_180,senate,118,2,180,532,2024-05-22,PN1212,81,1.0
senate_118_2_183,senate,118,2,183,535,2024-06-03,PN1569,76,1.0
senate_118_2_185,senate,118,2,185,537,2024-06-04,PN1350,84,1.0
senate_118_2_187,senate,118,2,187,539,2024-06-04,PN1354,84,1.0
senate_118_2_189,senate,118,2,189,541,2024-06-05,PN1343,82,1.0
senate_118_2_191,senate,118,2,191,543,2024-06-11,PN1470,80,1.0
senate_118_2_193,senate,118,2,193,545,2024-06-12,PN1471,82,1.0
senate_118_2_195,senate,118,2,195,547,2024-06-12,PN1469,81,1.0
senate_118_2_198,senate,118,2,198,550,2024-06-17,PN1353,76,1.0
senate_118_2_202,senate,118,2,202,554,2024-06-20,PN1461,64,1.0
senate_118_2_204,senate,118,2,204,556,2024-07-09,PN830,81,1.0
senate_118_2_206,senate,118,2,206,558,2024-07-09,PN1293,80,1.0
senate_118_2_207,senate,118,2,207,559,2024-07-09,PN1355,78,1.0
senate_118_2_209,senate,118,2,209,561,2024-07-10,PN1357,80,1.0
senate_118_2_215,senate,118,2,215,567,2024-07-24,PN1400,81,1.0
senate_118_2_216,senate,118,2,216,568,2024-07-24,PN1401,83,1.0
senate_118_2_217,senate,118,2,217,569,2024-07-24,PN1344,81,1.0
senate_118_2_219,senate,118,2,219,571,2024-07-25,S2073,74,1.0
senate_118_2_222,senate,118,2,222,574,2024-07-30,PN1654,80,1.0
senate_118_2_224,senate,118,2,224,576,2024-07-31,PN1751,81,1.0
senate_118_2_226,senate,118,2,226,578,2024-07-31,PN1750,79,1.0
senate_118_2_228,senate,118,2,228,580,2024-07-31,PN1223,78,1.0
senate_118_2_231,senate,118,2,231,583,2024-09-09,PN1748,77,1.0
senate_118_2_233,senate,118,2,233,585,2024-09-10,PN1576,80,1.0
senate_118_2_235,senate,118,2,235,587,2024-09-11,PN1807,82,1.0
senate_118_2_237,senate,118,2,237,589,2024-09-11,PN1826,81,1.0
senate_118_2_239,senate,118,2,239,591,2024-09-12,PN1574,76,1.0
senate_118_2_241,senate,118,2,241,593,2024-09-17,PN1825,82,1.0
senate_118_2_242,senate,118,2,242,594,2024-09-17,S4445,81,1.0
senate_118_2_244,senate,118,2,244,596,2024-09-18,PN1649,80,1.0
senate_118_2_248,senate,118,2,248,600,2024-09-19,PN1399,78,1.0
senate_118_2_250,senate,118,2,250,602,2024-09-24,PN1342,78,1.0
senate_118_2_253,senate,118,2,253,605,2024-09-25,PN1902,80,1.0
senate_118_2_255,senate,118,2,255,607,2024-09-25,HR9747,81,1.0
senate_118_2_257,senate,118,2,257,609,2024-11-13,PN1903,83,1.0
senate_118_2_259,senate,118,2,259,611,2024-11-13,PN923,84,1.0
senate_118_2_260,senate,118,2,260,612,2024-11-13,PN1744,81,1.0
senate_118_2_263,senate,118,2,263,615,2024-11-14,PN1749,78,1.0
senate_118_2_284,senate,118,2,284,636,2024-11-19,PN1244,80,1.0
senate_118_2_286,senate,118,2,286,638,2024-11-19,PN1253,80,1.0
senate_118_2_288,senate,118,2,288,640,2024-11-19,PN1573,79,1.0
senate_118_2_290,senate,118,2,290,642,2024-11-20,PN1402,82,1.0
senate_118_2_296,senate,118,2,296,648,2024-11-20,PN1463,84,1.0
senate_118_2_297,senate,118,2,297,649,2024-11-20,PN1577,84,1.0
senate_118_2_298,senate,118,2,298,650,2024-11-20,PN1651,84,1.0
senate_118_2_299,senate,118,2,299,651,2024-11-20,PN1650,84,1.0
senate_118_2_300,senate,118,2,300,652,2024-11-21,PN1806,84,1.0
senate_118_2_301,senate,118,2,301,653,2024-11-21,PN1827,84,1.0
senate_118_2_302,senate,118,2,302,654,2024-11-21,PN1905,83,1.0
senate_118_2_309,senate,118,2,309,661,2024-12-04,PN2015,84,1.0
senate_118_2_311,senate,118,2,311,663,2024-12-04,PN2039,84,1.0
senate_118_2_313,senate,118,2,313,665,2024-12-04,PN2040,82,1.0
senate_118_2_315,senate,118,2,315,667,2024-12-05,PN2016,81,1.0
senate_118_2_316,senate,118,2,316,668,2024-12-05,PN2017,80,1.0
senate_118_2_320,senate,118,2,320,672,2024-12-11,PN1789,85,1.0
senate_118_2_322,senate,118,2,322,674,2024-12-12,PN1980,83,1.0
senate_118_2_324,senate,118,2,324,676,2024-12-16,HR5009,83,1.0
senate_118_2_329,senate,118,2,329,681,2024-12-20,PN2244,84,1.0
senate_118_2_331,senate,118,2,331,683,2024-12-20,PN2245,84,1.0
senate_118_2_338,senate,118,2,338,690,2024-12-21,HR82,84,1.0
senate_118_2_339,senate,118,2,339,691,2024-12-21,HR10545,84,1.0
senate_119_1_5,senate,119,1,5,5,2025-01-17,S5,81,1.0
senate_119_1_7,senate,119,1,7,7,2025-01-20,S5,83,1.0
senate_119_1_12,senate,119,1,12,12,2025-01-23,PN1119,82,1.0
senate_119_1_14,senate,119,1,14,14,2025-01-23,PN117,82,1.0
senate_119_1_16,senate,119,1,16,16,2025-01-24,PN1111,82,1.0
senate_119_1_18,senate,119,1,18,18,2025-01-25,PN111,74,1.0
senate_119_1_20,senate,119,1,20,20,2025-01-27,PN116,82,1.0
senate_119_1_23,senate,119,1,23,23,2025-01-29,PN1123,81,1.0
senate_119_1_25,senate,119,1,25,25,2025-01-29,PN113,81,1.0
senate_119_1_27,senate,119,1,27,27,2025-01-30,PN1115,81,1.0
senate_119_1_28,senate,119,1,28,28,2025-01-30,PN115,80,1.0
senate_119_1_31,senate,119,1,31,31,2025-02-03,PN112,81,1.0
senate_119_1_34,senate,119,1,34,34,2025-02-04,PN1114,82,1.0
senate_119_1_36,senate,119,1,36,36,2025-02-05,PN1122,82,1.0
senate_119_1_49,senate,119,1,49,49,2025-02-10,PN1116,81,1.0
senate_119_1_51,senate,119,1,51,51,2025-02-12,PN118,82,1.0
senate_119_1_54,senate,119,1,54,54,2025-02-13,PN119,79,1.0
senate_119_1_55,senate,119,1,55,55,2025-02-13,PN1118,76,1.0
senate_119_1_60,senate,119,1,60,60,2025-02-20,PN1235,81,1.0
senate_119_1_88,senate,119,1,88,88,2025-02-24,PN1212,77,1.0
senate_119_1_89,senate,119,1,89,89,2025-02-24,PN1117,79,0.9873417721518988
senate_119_1_92,senate,119,1,92,92,2025-02-25,SJRES11,81,1.0
senate_119_1_95,senate,119,1,95,95,2025-02-26,SJRES10,81,1.0
senate_119_1_97,senate,119,1,97,97,2025-02-27,HJRES35,81,1.0
senate_119_1_98,senate,119,1,98,98,2025-02-27,PN1110,80,1.0
senate_119_1_102,senate,119,1,102,102,2025-03-04,SJRES3,80,1.0
senate_119_1_104,senate,119,1,104,104,2025-03-05,PN125,79,1.0
senate_119_1_106,senate,119,1,106,106,2025-03-05,SJRES28,81,1.0
senate_119_1_107,senate,119,1,107,107,2025-03-06,PN1214,80,1.0
senate_119_1_109,senate,119,1,109,109,2025-03-06,PN114,81,1.0
senate_119_1_112,senate,119,1,112,112,2025-03-11,PN132,80,1.0
senate_119_1_114,senate,119,1,114,114,2025-03-11,PN1241,79,1.0
senate_119_1_116,senate,119,1,116,116,2025-03-12,PN19,80,1.0
senate_119_1_118,senate,119,1,118,118,2025-03-12,PN1242,80,1.0
senate_119_1_120,senate,119,1,120,120,2025-03-13,PN1312,80,1.0
senate_119_1_122,senate,119,1,122,122,2025-03-13,PN2212,81,1.0
senate_119_1_124,senate,119,1,124,124,2025-03-13,S331,81,1.0
senate_119_1_125,senate,119,1,125,125,2025-03-14,PN1216,78,1.0
senate_119_1_127,senate,119,1,127,127,2025-03-14,S331,82,1.0
senate_119_1_128,senate,119,1,128,128,2025-03-14,HR1968,82,1.0
senate_119_1_133,senate,119,1,133,133,2025-03-14,HR1968,82,1.0
senate_119_1_134,senate,119,1,134,134,2025-03-14,PN1236,79,1.0
senate_119_1_135,senate,119,1,135,135,2025-03-14,PN1225,78,1.0
senate_119_1_138,senate,119,1,138,138,2025-03-25,PN138,81,1.0
senate_119_1_140,senate,119,1,140,140,2025-03-25,PN122,82,1.0
senate_119_1_142,senate,119,1,142,142,2025-03-25,PN1228,82,1.0
senate_119_1_144,senate,119,1,144,144,2025-03-25,PN123,81,1.0
senate_119_1_146,senate,119,1,146,146,2025-03-26,PN1237,80,1.0
senate_119_1_148,senate,119,1,148,148,2025-03-26,PN1215,80,1.0
senate_119_1_151,senate,119,1,151,151,2025-03-26,HJRES25,80,1.0
senate_119_1_153,senate,119,1,153,153,2025-03-27,SJRES18,82,1.0
senate_119_1_154,senate,119,1,154,154,2025-03-27,PN139,82,1.0
senate_119_1_156,senate,119,1,156,156,2025-03-31,PN2556,74,1.0
senate_119_1_158,senate,119,1,158,158,2025-04-02,PN1239,81,1.0
senate_119_1_159,senate,119,1,159,159,2025-04-02,PN1211,79,1.0
senate_119_1_160,senate,119,1,160,160,2025-04-02,SJRES37,81,1.0
senate_119_1_162,senate,119,1,162,162,2025-04-03,HJRES24,78,1.0
senate_119_1_164,senate,119,1,164,164,2025-04-03,PN1234,77,1.0
senate_119_1_192,senate,119,1,192,192,2025-04-07,PN129,77,1.0
senate_119_1_194,senate,119,1,194,194,2025-04-08,PN2514,82,1.0
senate_119_1_196,senate,119,1,196,196,2025-04-08,PN2520,82,1.0
senate_119_1_197,senate,119,1,197,197,2025-04-08,PN2518,81,1.0
senate_119_1_198,senate,119,1,198,198,2025-04-08,PN2522,79,1.0
senate_119_1_199,senate,119,1,199,199,2025-04-08,PN256,76,1.0
senate_119_1_200,senate,119,1,200,200,2025-04-09,PN1218,78,1.0
senate_119_1_207,senate,119,1,207,207,2025-04-10,HJRES20,79,1.0
senate_119_1_208,senate,119,1,208,208,2025-04-10,PN1229,79,1.0
senate_119_1_210,senate,119,1,210,210,2025-04-11,PN27,67,1.0
senate_119_1_212,senate,119,1,212,212,2025-04-11,PN28,68,1.0
senate_119_1_214,senate,119,1,214,214,2025-04-28,PN545,75,1.0
senate_119_1_216,senate,119,1,216,216,2025-04-29,PN245,80,1.0
senate_119_1_218,senate,119,1,218,218,2025-04-29,PN263,80,1.0
senate_119_1_220,senate,119,1,220,220,2025-04-29,PN2618,79,1.0
senate_119_1_223,senate,119,1,223,223,2025-04-30,HJRES42,80,1.0
senate_119_1_225,senate,119,1,225,225,2025-04-30,SJRES49,80,1.0
senate_119_1_228,senate,119,1,228,228,2025-05-01,HJRES75,80,1.0
senate_119_1_229,senate,119,1,229,229,2025-05-01,SJRES31,81,1.0
senate_119_1_230,senate,119,1,230,230,2025-05-01,PN20,78,1.0
senate_119_1_232,senate,119,1,232,232,2025-05-06,HJRES61,82,1.0
senate_119_1_237,senate,119,1,237,237,2025-05-07,SJRES13,81,1.0
senate_119_1_238,senate,119,1,238,238,2025-05-08,SJRES7,72,1.0
senate_119_1_239,senate,119,1,239,239,2025-05-08,HJRES60,76,1.0
senate_119_1_241,senate,119,1,241,241,2025-05-12,PN1210,82,1.0
senate_119_1_243,senate,119,1,243,243,2025-05-12,PN2550,79,1.0
senate_119_1_245,senate,119,1,245,245,2025-05-13,PN1230,80,1.0
senate_119_1_247,senate,119,1,247,247,2025-05-13,PN134,80,1.0
senate_119_1_249,senate,119,1,249,249,2025-05-13,PN1310,80,1.0
senate_119_1_251,senate,119,1,251,251,2025-05-14,PN1238,79,1.0
senate_119_1_253,senate,119,1,253,253,2025-05-14,PN1231,79,1.0
senate_119_1_255,senate,119,1,255,255,2025-05-14,PN2646,80,1.0
senate_119_1_257,senate,119,1,257,257,2025-05-14,PN2511,81,1.0
senate_119_1_260,senate,119,1,260,260,2025-05-19,PN244,81,1.0
senate_119_1_275,senate,119,1,275,275,2025-05-21,SJRES55,79,1.0
senate_119_1_277,senate,119,1,277,277,2025-05-22,HJRES88,77,1.0
senate_119_1_279,senate,119,1,279,279,2025-05-22,HJRES87,79,1.0
senate_119_1_281,senate,119,1,281,281,2025-05-22,HJRES89,78,1.0
senate_119_1_282,senate,119,1,282,282,2025-06-02,PN17,79,1.0
senate_119_1_284,senate,119,1,284,284,2025-06-03,PN2519,80,1.0
senate_119_1_286,senate,119,1,286,286,2025-06-03,PN2216,77,1.0
senate_119_1_288,senate,119,1,288,288,2025-06-04,PN559,81,1.0
senate_119_1_289,senate,119,1,289,289,2025-06-04,PN5547,81,1.0
senate_119_1_290,senate,119,1,290,290,2025-06-04,PN1233,81,1.0
senate_119_1_294,senate,119,1,294,294,2025-06-05,PN2616,80,1.0
senate_119_1_296,senate,119,1,296,296,2025-06-05,PN2643,75,1.0
senate_119_1_298,senate,119,1,298,298,2025-06-09,PN136,79,1.0
senate_119_1_300,senate,119,1,300,300,2025-06-10,PN1243,76,1.0
senate_119_1_302,senate,119,1,302,302,2025-06-10,PN2620,78,1.0
senate_119_1_304,senate,119,1,304,304,2025-06-11,PN1227,82,1.0
senate_119_1_305,senate,119,1,305,305,2025-06-11,S1582,81,1.0
senate_119_1_312,senate,119,1,312,312,2025-06-12,S1582,78,1.0
senate_119_1_313,senate,119,1,313,313,2025-06-16,PN251,64,1.0
senate_119_1_314,senate,119,1,314,314,2025-06-17,PN246,69,1.0
senate_119_1_315,senate,119,1,315,315,2025-06-17,PN247,80,1.0
senate_119_1_318,senate,119,1,318,318,2025-06-17,S1582,81,1.0
senate_119_1_319,senate,119,1,319,319,2025-06-18,PN1240,81,1.0
senate_119_1_322,senate,119,1,322,322,2025-06-23,PN2650,74,1.0
senate_119_1_324,senate,119,1,324,324,2025-06-24,PN2612,80,1.0
senate_119_1_326,senate,119,1,326,326,2025-06-25,PN137,79,1.0
senate_119_1_372,senate,119,1,372,372,2025-07-01,HR1,82,1.0
senate_119_1_373,senate,119,1,373,373,2025-07-08,PN1220,73,1.0
senate_119_1_374,senate,119,1,374,374,2025-07-08,PN556,74,1.0
senate_119_1_376,senate,119,1,376,376,2025-07-09,PN1224,79,1.0
senate_119_1_378,senate,119,1,378,378,2025-07-09,PN133,78,1.0
senate_119_1_381,senate,119,1,381,381,2025-07-10,PN2515,77,1.0
senate_119_1_382,senate,119,1,382,382,2025-07-10,PN1503,77,1.0
senate_119_1_385,senate,119,1,385,385,2025-07-14,PN2539,72,1.0
senate_119_1_387,senate,119,1,387,387,2025-07-15,PN2226,82,1.0
senate_119_1_389,senate,119,1,389,389,2025-07-15,PN2615,79,1.0
senate_119_1_411,senate,119,1,411,411,2025-07-17,HR4,81,1.0
senate_119_1_412,senate,119,1,412,412,2025-07-17,PN1502,80,1.0
senate_119_1_413,senate,119,1,413,413,2025-07-17,PN1506,74,1.0
senate_119_1_414,senate,119,1,414,414,2025-07-17,PN2627,71,1.0
senate_119_1_415,senate,119,1,415,415,2025-07-17,PN227,70,1.0
senate_119_1_416,senate,119,1,416,416,2025-07-17,PN2225,67,1.0
senate_119_1_417,senate,119,1,417,417,2025-07-17,PN243,64,1.0
senate_119_1_418,senate,119,1,418,418,2025-07-21,PN2611,71,1.0
senate_119_1_429,senate,119,1,429,429,2025-07-23,PN1501,79,1.0
senate_119_1_431,senate,119,1,431,431,2025-07-23,PN2553,78,1.0
senate_119_1_433,senate,119,1,433,433,2025-07-23,PN2215,79,1.0
senate_119_1_435,senate,119,1,435,435,2025-07-24,PN2554,81,1.0
senate_119_1_437,senate,119,1,437,437,2025-07-24,PN3462,81,1.0
senate_119_1_438,senate,119,1,438,438,2025-07-28,PN34520,78,1.0
senate_119_1_440,senate,119,1,440,440,2025-07-28,PN2217,77,1.0
senate_119_1_442,senate,119,1,442,442,2025-07-29,PN2213,81,1.0
senate_119_1_444,senate,119,1,444,444,2025-07-29,PN6014,82,1.0
senate_119_1_446,senate,119,1,446,446,2025-07-29,PN127,82,1.0
senate_119_1_449,senate,119,1,449,449,2025-07-30,PN1294,82,1.0
senate_119_1_451,senate,119,1,451,451,2025-07-30,PN2527,79,1.0
senate_119_1_453,senate,119,1,453,453,2025-07-30,PN258,80,1.0
senate_119_1_456,senate,119,1,456,456,2025-07-30,PN2642,80,1.0
senate_119_1_457,senate,119,1,457,457,2025-07-30,PN2625,80,1.0
senate_119_1_458,senate,119,1,458,458,2025-07-31,PN14130,77,1.0
senate_119_1_462,senate,119,1,462,462,2025-07-31,PN5528,80,1.0
senate_119_1_465,senate,119,1,465,465,2025-07-31,PN1311,80,1.0
senate_119_1_466,senate,119,1,466,466,2025-07-31,PN2649,80,1.0
senate_119_1_467,senate,119,1,467,467,2025-07-31,PN2526,80,1.0
senate_119_1_468,senate,119,1,468,468,2025-08-01,PN1311,78,1.0
senate_119_1_471,senate,119,1,471,471,2025-08-01,PN5536,79,1.0
senate_119_1_480,senate,119,1,480,480,2025-08-01,HR3944,78,1.0
senate_119_1_485,senate,119,1,485,485,2025-08-02,PN2639,75,1.0
senate_119_1_487,senate,119,1,487,487,2025-08-02,PN265,78,1.0
senate_119_1_489,senate,119,1,489,489,2025-08-02,PN2640,76,1.0
senate_119_1_491,senate,119,1,491,491,2025-08-02,PN34515,78,1.0
senate_119_1_493,senate,119,1,493,493,2025-08-02,PN1226,77,1.0
senate_119_1_501,senate,119,1,501,501,2025-09-04,PN1504,80,1.0
senate_119_1_502,senate,119,1,502,502,2025-09-04,PN3461,81,1.0
senate_119_1_506,senate,119,1,506,506,2025-09-09,PN12910,79,1.0
senate_119_1_508,senate,119,1,508,508,2025-09-09,PN3463,79,1.0
senate_119_1_513,senate,119,1,513,513,2025-09-11,SRES377,81,1.0
senate_119_1_516,senate,119,1,516,516,2025-09-11,SRES377,80,1.0
senate_119_1_518,senate,119,1,518,518,2025-09-15,PN464,77,1.0
senate_119_1_522,senate,119,1,522,522,2025-09-17,PN5525,81,1.0
senate_119_1_525,senate,119,1,525,525,2025-09-17,PN5525,81,1.0
senate_119_1_527,senate,119,1,527,527,2025-09-19,S2882,74,1.0
senate_119_1_528,senate,119,1,528,528,2025-09-19,HR5371,74,1.0
senate_119_1_529,senate,119,1,529,529,2025-09-19,PN343,74,1.0
senate_119_1_531,senate,119,1,531,531,2025-09-29,PN342,82,1.0
senate_119_1_534,senate,119,1,534,534,2025-09-30,S2882,82,1.0
senate_119_1_535,senate,119,1,535,535,2025-09-30,HR5371,82,1.0
senate_119_1_538,senate,119,1,538,538,2025-10-01,PN2610,81,1.0
senate_119_1_540,senate,119,1,540,540,2025-10-01,SRES412,81,1.0
senate_119_1_546,senate,119,1,546,546,2025-10-06,PN18,77,1.0
senate_119_1_549,senate,119,1,549,549,2025-10-08,HJRES104,81,1.0
senate_119_1_552,senate,119,1,552,552,2025-10-08,PN4664,79,1.0
senate_119_1_554,senate,119,1,554,554,2025-10-08,SJRES71,81,1.0
senate_119_1_556,senate,119,1,556,556,2025-10-08,HJRES105,77,1.0
senate_119_1_560,senate,119,1,560,560,2025-10-09,HJRES106,78,1.0
senate_119_1_570,senate,119,1,570,570,2025-10-09,S2296,79,1.0
senate_119_1_574,senate,119,1,574,574,2025-10-16,PN4666,79,1.0
senate_119_1_578,senate,119,1,578,578,2025-10-21,PN3465,81,1.0
senate_119_1_579,senate,119,1,579,579,2025-10-21,PN4002,81,1.0
senate_119_1_582,senate,119,1,582,582,2025-10-22,PN4663,81,1.0
senate_119_1_583,senate,119,1,583,583,2025-10-22,PN368,79,1.0
senate_119_1_587,senate,119,1,587,587,2025-10-23,PN5205,78,1.0
senate_119_1_591,senate,119,1,591,591,2025-10-28,PN3466,81,1.0
senate_119_1_593,senate,119,1,593,593,2025-10-28,PN4662,82,1.0
senate_119_1_594,senate,119,1,594,594,2025-10-28,SJRES81,82,1.0
senate_119_1_598,senate,119,1,598,598,2025-10-29,SJRES77,78,1.0
senate_119_1_599,senate,119,1,599,599,2025-10-30,SJRES80,80,1.0
senate_119_1_600,senate,119,1,600,600,2025-10-30,SJRES88,81,1.0
senate_119_1_601,senate,119,1,601,601,2025-10-30,PN4001,81,1.0
senate_119_1_602,senate,119,1,602,602,2025-11-03,PN4003,79,1.0
senate_119_1_606,senate,119,1,606,606,2025-11-05,PN2537,80,1.0
senate_119_1_615,senate,119,1,615,615,2025-11-10,HR5371,82,1.0
senate_119_1_617,senate,119,1,617,617,2025-11-10,HR5371,82,1.0
senate_119_1_618,senate,119,1,618,618,2025-11-10,HR5371,82,1.0
senate_119_1_619,senate,119,1,619,619,2025-11-18,PN4456,80,1.0
senate_119_1_623,senate,119,1,623,623,2025-11-20,HJRES130,78,1.0
senate_119_1_624,senate,119,1,624,624,2025-12-01,PN5201,75,1.0
senate_119_1_626,senate,119,1,626,626,2025-12-02,PN5202,80,1.0
senate_119_1_628,senate,119,1,628,628,2025-12-03,PN5203,78,1.0
senate_119_1_631,senate,119,1,631,631,2025-12-03,PN5204,79,1.0
senate_119_1_632,senate,119,1,632,632,2025-12-04,HJRES131,77,1.0
senate_119_1_633,senate,119,1,633,633,2025-12-04,SRES520,67,1.0
senate_119_1_635,senate,119,1,635,635,2025-12-08,PN4661,78,1.0
senate_119_1_637,senate,119,1,637,637,2025-12-09,PN6151,80,1.0
senate_119_1_639,senate,119,1,639,639,2025-12-09,PN4665,79,1.0
senate_119_1_642,senate,119,1,642,642,2025-12-10,SRES532,80,1.0
senate_119_1_643,senate,119,1,643,643,2025-12-11,S3386,81,1.0
senate_119_1_644,senate,119,1,644,644,2025-12-11,S3385,81,1.0
senate_119_1_647,senate,119,1,647,647,2025-12-15,S1071,79,1.0
senate_119_1_649,senate,119,1,649,649,2025-12-17,PN650,79,1.0
senate_119_1_651,senate,119,1,651,651,2025-12-17,PN6452,78,1.0
senate_119_1_653,senate,119,1,653,653,2025-12-17,PN2529,82,1.0
senate_119_1_654,senate,119,1,654,654,2025-12-18,SJRES82,82,1.0
senate_119_1_656,senate,119,1,656,656,2025-12-18,PN49911,78,1.0
senate_119_1_657,senate,119,1,657,657,2025-12-18,PN121,77,1.0
senate_119_1_658,senate,119,1,658,658,2025-12-18,PN6152,78,1.0
senate_119_1_659,senate,119,1,659,659,2025-12-18,PN373,76,1.0
senate_119_2_10,senate,119,2,10,669,2026-01-15,HR6938,81,1.0
senate_119_2_11,senate,119,2,11,670,2026-01-15,HR6938,81,1.0
senate_119_2_20,senate,119,2,20,679,2026-01-30,HR7148,82,1.0
senate_119_2_21,senate,119,2,21,680,2026-02-02,PN7265,73,1.0
senate_119_2_23,senate,119,2,23,682,2026-02-03,PN7266,75,1.0
senate_119_2_25,senate,119,2,25,684,2026-02-03,PN72612,76,1.0
senate_119_2_27,senate,119,2,27,686,2026-02-04,PN7262,80,1.0
senate_119_2_29,senate,119,2,29,688,2026-02-04,PN7269,80,1.0
senate_119_2_31,senate,119,2,31,690,2026-02-05,PN72611,80,1.0
senate_119_2_33,senate,119,2,33,692,2026-02-09,PN7264,80,1.0
senate_119_2_37,senate,119,2,37,696,2026-02-12,HJRES142,79,1.0
senate_119_2_40,senate,119,2,40,699,2026-02-25,PN73019,77,1.0
senate_119_2_42,senate,119,2,42,701,2026-02-26,PN73046,77,1.0
senate_119_2_48,senate,119,2,48,707,2026-03-09,PN711,78,1.0
senate_119_2_50,senate,119,2,50,709,2026-03-10,HR6644,80,1.0
senate_119_2_52,senate,119,2,52,711,2026-03-11,HR6644,78,1.0
senate_119_2_53,senate,119,2,53,712,2026-03-12,HR6644,81,1.0
senate_119_2_55,senate,119,2,55,714,2026-03-17,PN7874,75,1.0
senate_119_2_60,senate,119,2,60,719,2026-03-21,S1383,75,1.0
senate_119_2_61,senate,119,2,61,720,2026-03-21,S1383,75,1.0
senate_119_2_62,senate,119,2,62,721,2026-03-22,PN858,74,1.0
senate_119_2_64,senate,119,2,64,723,2026-03-23,PN7869,79,1.0
senate_119_2_73,senate,119,2,73,732,2026-03-26,S1383,81,1.0
senate_119_2_75,senate,119,2,75,734,2026-04-13,PN7873,77,1.0
senate_119_2_77,senate,119,2,77,736,2026-04-14,PN7875,79,1.0
senate_119_2_84,senate,119,2,84,743,2026-04-16,HJRES140,80,1.0
senate_119_2_85,senate,119,2,85,744,2026-04-16,PN7871,79,1.0
senate_119_2_106,senate,119,2,106,765,2026-04-27,PN73014,77,1.0
senate_119_2_112,senate,119,2,112,771,2026-04-30,SRES690,79,1.0
